text,document_type
"TAX INVOICE / BILL OF SUPPLY
Seller: Sunrise Trading Company
Address: 104 Industrial Sector, Cyber City, Tech Corridor
GSTIN: 27AABCT5795A1Z5
Invoice Number: INV-6257
Invoice Date: 10/03/2025
Due Date: 26/04/2025

Billed To: Michael Chang
Client ID: CLI-628
Address: 42 Palm Avenue, Metropolis

Itemized Breakdown:
1. Professional Cloud Consulting Services - Rate: 25932.00 Qty: 1
2. Security Hardening & Audit Module - Rate: 17288.00 Qty: 1

Subtotal: INR 43220.00
Applicable GST / Tax (18%): INR 7779.60
Grand Total Amount Due: INR 50999.60

Payment Terms: Net 15 Days. Bank transfer to account # 987654321012.
Authorized Signatory: Sunrise Trading Company Accounts Dept
Thank you for your business!",invoice
"TAX INVOICE / BILL OF SUPPLY
Seller: Nexus Cloud Services
Address: 104 Industrial Sector, Cyber City, Tech Corridor
GSTIN: 27AABCT9235A1Z5
Invoice Number: INV-3420
Invoice Date: 12/02/2025
Due Date: 28/03/2025

Billed To: Priya Nair
Client ID: CLI-926
Address: 42 Palm Avenue, Metropolis

Itemized Breakdown:
1. Professional Cloud Consulting Services - Rate: 25422.00 Qty: 1
2. Security Hardening & Audit Module - Rate: 16948.00 Qty: 1

Subtotal: INR 42370.00
Applicable GST / Tax (18%): INR 7626.60
Grand Total Amount Due: INR 49996.60

Payment Terms: Net 15 Days. Bank transfer to account # 987654321012.
Authorized Signatory: Nexus Cloud Services Accounts Dept
Thank you for your business!",invoice
"TAX INVOICE / BILL OF SUPPLY
Seller: Zenith Office Automation
Address: 104 Industrial Sector, Cyber City, Tech Corridor
GSTIN: 27AABCT2809A1Z5
Invoice Number: INV-5434
Invoice Date: 08/08/2025
Due Date: 24/09/2025

Billed To: David Miller
Client ID: CLI-866
Address: 42 Palm Avenue, Metropolis

Itemized Breakdown:
1. Professional Cloud Consulting Services - Rate: 2154.00 Qty: 1
2. Security Hardening & Audit Module - Rate: 1436.00 Qty: 1

Subtotal: INR 3590.00
Applicable GST / Tax (18%): INR 646.20
Grand Total Amount Due: INR 4236.20

Payment Terms: Net 15 Days. Bank transfer to account # 987654321012.
Authorized Signatory: Zenith Office Automation Accounts Dept
Thank you for your business!",invoice
"TAX INVOICE / BILL OF SUPPLY
Seller: CyberDynamics Technologies
Address: 104 Industrial Sector, Cyber City, Tech Corridor
GSTIN: 27AABCT2744A1Z5
Invoice Number: INV-2574
Invoice Date: 22/09/2025
Due Date: 10/10/2025

Billed To: Elena Rostova
Client ID: CLI-963
Address: 42 Palm Avenue, Metropolis

Itemized Breakdown:
1. Professional Cloud Consulting Services - Rate: 26184.00 Qty: 1
2. Security Hardening & Audit Module - Rate: 17456.00 Qty: 1

Subtotal: INR 43640.00
Applicable GST / Tax (18%): INR 7855.20
Grand Total Amount Due: INR 51495.20

Payment Terms: Net 15 Days. Bank transfer to account # 987654321012.
Authorized Signatory: CyberDynamics Technologies Accounts Dept
Thank you for your business!",invoice
"TAX INVOICE / BILL OF SUPPLY
Seller: Global Logistics Corp
Address: 104 Industrial Sector, Cyber City, Tech Corridor
GSTIN: 27AABCT3303A1Z5
Invoice Number: INV-6479
Invoice Date: 03/08/2025
Due Date: 19/09/2025

Billed To: Aarav Sharma
Client ID: CLI-860
Address: 42 Palm Avenue, Metropolis

Itemized Breakdown:
1. Professional Cloud Consulting Services - Rate: 19668.00 Qty: 1
2. Security Hardening & Audit Module - Rate: 13112.00 Qty: 1

Subtotal: INR 32780.00
Applicable GST / Tax (18%): INR 5900.40
Grand Total Amount Due: INR 38680.40

Payment Terms: Net 15 Days. Bank transfer to account # 987654321012.
Authorized Signatory: Global Logistics Corp Accounts Dept
Thank you for your business!",invoice
"TAX INVOICE / BILL OF SUPPLY
Seller: Zenith Office Automation
Address: 104 Industrial Sector, Cyber City, Tech Corridor
GSTIN: 27AABCT8366A1Z5
Invoice Number: INV-7860
Invoice Date: 21/06/2025
Due Date: 09/07/2025

Billed To: Johnathan Davis
Client ID: CLI-774
Address: 42 Palm Avenue, Metropolis

Itemized Breakdown:
1. Professional Cloud Consulting Services - Rate: 26760.00 Qty: 1
2. Security Hardening & Audit Module - Rate: 17840.00 Qty: 1

Subtotal: INR 44600.00
Applicable GST / Tax (18%): INR 8028.00
Grand Total Amount Due: INR 52628.00

Payment Terms: Net 15 Days. Bank transfer to account # 987654321012.
Authorized Signatory: Zenith Office Automation Accounts Dept
Thank you for your business!",invoice
"TAX INVOICE / BILL OF SUPPLY
Seller: Sunrise Trading Company
Address: 104 Industrial Sector, Cyber City, Tech Corridor
GSTIN: 27AABCT8610A1Z5
Invoice Number: INV-4351
Invoice Date: 15/04/2025
Due Date: 03/05/2025

Billed To: Priya Nair
Client ID: CLI-334
Address: 42 Palm Avenue, Metropolis

Itemized Breakdown:
1. Professional Cloud Consulting Services - Rate: 11652.00 Qty: 1
2. Security Hardening & Audit Module - Rate: 7768.00 Qty: 1

Subtotal: INR 19420.00
Applicable GST / Tax (18%): INR 3495.60
Grand Total Amount Due: INR 22915.60

Payment Terms: Net 15 Days. Bank transfer to account # 987654321012.
Authorized Signatory: Sunrise Trading Company Accounts Dept
Thank you for your business!",invoice
"TAX INVOICE / BILL OF SUPPLY
Seller: Global Logistics Corp
Address: 104 Industrial Sector, Cyber City, Tech Corridor
GSTIN: 27AABCT1524A1Z5
Invoice Number: INV-5681
Invoice Date: 24/12/2025
Due Date: 12/01/2025

Billed To: Sophia Patel
Client ID: CLI-591
Address: 42 Palm Avenue, Metropolis

Itemized Breakdown:
1. Professional Cloud Consulting Services - Rate: 10902.00 Qty: 1
2. Security Hardening & Audit Module - Rate: 7268.00 Qty: 1

Subtotal: INR 18170.00
Applicable GST / Tax (18%): INR 3270.60
Grand Total Amount Due: INR 21440.60

Payment Terms: Net 15 Days. Bank transfer to account # 987654321012.
Authorized Signatory: Global Logistics Corp Accounts Dept
Thank you for your business!",invoice
"TAX INVOICE / BILL OF SUPPLY
Seller: Zenith Office Automation
Address: 104 Industrial Sector, Cyber City, Tech Corridor
GSTIN: 27AABCT8413A1Z5
Invoice Number: INV-5948
Invoice Date: 09/04/2025
Due Date: 25/05/2025

Billed To: Johnathan Davis
Client ID: CLI-459
Address: 42 Palm Avenue, Metropolis

Itemized Breakdown:
1. Professional Cloud Consulting Services - Rate: 19734.00 Qty: 1
2. Security Hardening & Audit Module - Rate: 13156.00 Qty: 1

Subtotal: INR 32890.00
Applicable GST / Tax (18%): INR 5920.20
Grand Total Amount Due: INR 38810.20

Payment Terms: Net 15 Days. Bank transfer to account # 987654321012.
Authorized Signatory: Zenith Office Automation Accounts Dept
Thank you for your business!",invoice
"TAX INVOICE / BILL OF SUPPLY
Seller: Apex Tech Solutions Pvt Ltd
Address: 104 Industrial Sector, Cyber City, Tech Corridor
GSTIN: 27AABCT6749A1Z5
Invoice Number: INV-1016
Invoice Date: 25/09/2025
Due Date: 13/10/2025

Billed To: Aarav Sharma
Client ID: CLI-523
Address: 42 Palm Avenue, Metropolis

Itemized Breakdown:
1. Professional Cloud Consulting Services - Rate: 26754.00 Qty: 1
2. Security Hardening & Audit Module - Rate: 17836.00 Qty: 1

Subtotal: INR 44590.00
Applicable GST / Tax (18%): INR 8026.20
Grand Total Amount Due: INR 52616.20

Payment Terms: Net 15 Days. Bank transfer to account # 987654321012.
Authorized Signatory: Apex Tech Solutions Pvt Ltd Accounts Dept
Thank you for your business!",invoice
"TAX INVOICE / BILL OF SUPPLY
Seller: Sunrise Trading Company
Address: 104 Industrial Sector, Cyber City, Tech Corridor
GSTIN: 27AABCT4945A1Z5
Invoice Number: INV-2200
Invoice Date: 18/02/2025
Due Date: 06/03/2025

Billed To: Fatima Al-Mansoor
Client ID: CLI-567
Address: 42 Palm Avenue, Metropolis

Itemized Breakdown:
1. Professional Cloud Consulting Services - Rate: 26898.00 Qty: 1
2. Security Hardening & Audit Module - Rate: 17932.00 Qty: 1

Subtotal: INR 44830.00
Applicable GST / Tax (18%): INR 8069.40
Grand Total Amount Due: INR 52899.40

Payment Terms: Net 15 Days. Bank transfer to account # 987654321012.
Authorized Signatory: Sunrise Trading Company Accounts Dept
Thank you for your business!",invoice
"TAX INVOICE / BILL OF SUPPLY
Seller: CyberDynamics Technologies
Address: 104 Industrial Sector, Cyber City, Tech Corridor
GSTIN: 27AABCT7741A1Z5
Invoice Number: INV-3566
Invoice Date: 06/09/2025
Due Date: 22/10/2025

Billed To: Priya Nair
Client ID: CLI-921
Address: 42 Palm Avenue, Metropolis

Itemized Breakdown:
1. Professional Cloud Consulting Services - Rate: 1002.00 Qty: 1
2. Security Hardening & Audit Module - Rate: 668.00 Qty: 1

Subtotal: INR 1670.00
Applicable GST / Tax (18%): INR 300.60
Grand Total Amount Due: INR 1970.60

Payment Terms: Net 15 Days. Bank transfer to account # 987654321012.
Authorized Signatory: CyberDynamics Technologies Accounts Dept
Thank you for your business!",invoice
"TAX INVOICE / BILL OF SUPPLY
Seller: Quantum Hardware Inc
Address: 104 Industrial Sector, Cyber City, Tech Corridor
GSTIN: 27AABCT3089A1Z5
Invoice Number: INV-9080
Invoice Date: 28/05/2025
Due Date: 16/06/2025

Billed To: Robert Taylor
Client ID: CLI-238
Address: 42 Palm Avenue, Metropolis

Itemized Breakdown:
1. Professional Cloud Consulting Services - Rate: 18468.00 Qty: 1
2. Security Hardening & Audit Module - Rate: 12312.00 Qty: 1

Subtotal: INR 30780.00
Applicable GST / Tax (18%): INR 5540.40
Grand Total Amount Due: INR 36320.40

Payment Terms: Net 15 Days. Bank transfer to account # 987654321012.
Authorized Signatory: Quantum Hardware Inc Accounts Dept
Thank you for your business!",invoice
"TAX INVOICE / BILL OF SUPPLY
Seller: Apex Tech Solutions Pvt Ltd
Address: 104 Industrial Sector, Cyber City, Tech Corridor
GSTIN: 27AABCT7391A1Z5
Invoice Number: INV-7515
Invoice Date: 20/03/2025
Due Date: 08/04/2025

Billed To: Fatima Al-Mansoor
Client ID: CLI-481
Address: 42 Palm Avenue, Metropolis

Itemized Breakdown:
1. Professional Cloud Consulting Services - Rate: 17046.00 Qty: 1
2. Security Hardening & Audit Module - Rate: 11364.00 Qty: 1

Subtotal: INR 28410.00
Applicable GST / Tax (18%): INR 5113.80
Grand Total Amount Due: INR 33523.80

Payment Terms: Net 15 Days. Bank transfer to account # 987654321012.
Authorized Signatory: Apex Tech Solutions Pvt Ltd Accounts Dept
Thank you for your business!",invoice
"TAX INVOICE / BILL OF SUPPLY
Seller: Pinnacle Consulting
Address: 104 Industrial Sector, Cyber City, Tech Corridor
GSTIN: 27AABCT6221A1Z5
Invoice Number: INV-8159
Invoice Date: 05/04/2025
Due Date: 21/05/2025

Billed To: Fatima Al-Mansoor
Client ID: CLI-490
Address: 42 Palm Avenue, Metropolis

Itemized Breakdown:
1. Professional Cloud Consulting Services - Rate: 21000.00 Qty: 1
2. Security Hardening & Audit Module - Rate: 14000.00 Qty: 1

Subtotal: INR 35000.00
Applicable GST / Tax (18%): INR 6300.00
Grand Total Amount Due: INR 41300.00

Payment Terms: Net 15 Days. Bank transfer to account # 987654321012.
Authorized Signatory: Pinnacle Consulting Accounts Dept
Thank you for your business!",invoice
"TAX INVOICE / BILL OF SUPPLY
Seller: CyberDynamics Technologies
Address: 104 Industrial Sector, Cyber City, Tech Corridor
GSTIN: 27AABCT8081A1Z5
Invoice Number: INV-1737
Invoice Date: 14/11/2025
Due Date: 02/12/2025

Billed To: Johnathan Davis
Client ID: CLI-741
Address: 42 Palm Avenue, Metropolis

Itemized Breakdown:
1. Professional Cloud Consulting Services - Rate: 14028.00 Qty: 1
2. Security Hardening & Audit Module - Rate: 9352.00 Qty: 1

Subtotal: INR 23380.00
Applicable GST / Tax (18%): INR 4208.40
Grand Total Amount Due: INR 27588.40

Payment Terms: Net 15 Days. Bank transfer to account # 987654321012.
Authorized Signatory: CyberDynamics Technologies Accounts Dept
Thank you for your business!",invoice
"TAX INVOICE / BILL OF SUPPLY
Seller: Quantum Hardware Inc
Address: 104 Industrial Sector, Cyber City, Tech Corridor
GSTIN: 27AABCT3426A1Z5
Invoice Number: INV-4634
Invoice Date: 09/11/2025
Due Date: 25/12/2025

Billed To: Aarav Sharma
Client ID: CLI-436
Address: 42 Palm Avenue, Metropolis

Itemized Breakdown:
1. Professional Cloud Consulting Services - Rate: 18138.00 Qty: 1
2. Security Hardening & Audit Module - Rate: 12092.00 Qty: 1

Subtotal: INR 30230.00
Applicable GST / Tax (18%): INR 5441.40
Grand Total Amount Due: INR 35671.40

Payment Terms: Net 15 Days. Bank transfer to account # 987654321012.
Authorized Signatory: Quantum Hardware Inc Accounts Dept
Thank you for your business!",invoice
"TAX INVOICE / BILL OF SUPPLY
Seller: Global Logistics Corp
Address: 104 Industrial Sector, Cyber City, Tech Corridor
GSTIN: 27AABCT5339A1Z5
Invoice Number: INV-1449
Invoice Date: 02/03/2025
Due Date: 18/04/2025

Billed To: Sophia Patel
Client ID: CLI-556
Address: 42 Palm Avenue, Metropolis

Itemized Breakdown:
1. Professional Cloud Consulting Services - Rate: 1104.00 Qty: 1
2. Security Hardening & Audit Module - Rate: 736.00 Qty: 1

Subtotal: INR 1840.00
Applicable GST / Tax (18%): INR 331.20
Grand Total Amount Due: INR 2171.20

Payment Terms: Net 15 Days. Bank transfer to account # 987654321012.
Authorized Signatory: Global Logistics Corp Accounts Dept
Thank you for your business!",invoice
"TAX INVOICE / BILL OF SUPPLY
Seller: Sunrise Trading Company
Address: 104 Industrial Sector, Cyber City, Tech Corridor
GSTIN: 27AABCT8135A1Z5
Invoice Number: INV-7403
Invoice Date: 15/05/2025
Due Date: 03/06/2025

Billed To: Fatima Al-Mansoor
Client ID: CLI-136
Address: 42 Palm Avenue, Metropolis

Itemized Breakdown:
1. Professional Cloud Consulting Services - Rate: 11088.00 Qty: 1
2. Security Hardening & Audit Module - Rate: 7392.00 Qty: 1

Subtotal: INR 18480.00
Applicable GST / Tax (18%): INR 3326.40
Grand Total Amount Due: INR 21806.40

Payment Terms: Net 15 Days. Bank transfer to account # 987654321012.
Authorized Signatory: Sunrise Trading Company Accounts Dept
Thank you for your business!",invoice
"TAX INVOICE / BILL OF SUPPLY
Seller: CyberDynamics Technologies
Address: 104 Industrial Sector, Cyber City, Tech Corridor
GSTIN: 27AABCT6175A1Z5
Invoice Number: INV-3012
Invoice Date: 24/05/2025
Due Date: 12/06/2025

Billed To: Fatima Al-Mansoor
Client ID: CLI-183
Address: 42 Palm Avenue, Metropolis

Itemized Breakdown:
1. Professional Cloud Consulting Services - Rate: 18012.00 Qty: 1
2. Security Hardening & Audit Module - Rate: 12008.00 Qty: 1

Subtotal: INR 30020.00
Applicable GST / Tax (18%): INR 5403.60
Grand Total Amount Due: INR 35423.60

Payment Terms: Net 15 Days. Bank transfer to account # 987654321012.
Authorized Signatory: CyberDynamics Technologies Accounts Dept
Thank you for your business!",invoice
"TAX INVOICE / BILL OF SUPPLY
Seller: Global Logistics Corp
Address: 104 Industrial Sector, Cyber City, Tech Corridor
GSTIN: 27AABCT5814A1Z5
Invoice Number: INV-9093
Invoice Date: 19/10/2025
Due Date: 07/11/2025

Billed To: Elena Rostova
Client ID: CLI-652
Address: 42 Palm Avenue, Metropolis

Itemized Breakdown:
1. Professional Cloud Consulting Services - Rate: 1926.00 Qty: 1
2. Security Hardening & Audit Module - Rate: 1284.00 Qty: 1

Subtotal: INR 3210.00
Applicable GST / Tax (18%): INR 577.80
Grand Total Amount Due: INR 3787.80

Payment Terms: Net 15 Days. Bank transfer to account # 987654321012.
Authorized Signatory: Global Logistics Corp Accounts Dept
Thank you for your business!",invoice
"TAX INVOICE / BILL OF SUPPLY
Seller: Apex Tech Solutions Pvt Ltd
Address: 104 Industrial Sector, Cyber City, Tech Corridor
GSTIN: 27AABCT9242A1Z5
Invoice Number: INV-9795
Invoice Date: 19/12/2025
Due Date: 07/01/2025

Billed To: Aarav Sharma
Client ID: CLI-697
Address: 42 Palm Avenue, Metropolis

Itemized Breakdown:
1. Professional Cloud Consulting Services - Rate: 29514.00 Qty: 1
2. Security Hardening & Audit Module - Rate: 19676.00 Qty: 1

Subtotal: INR 49190.00
Applicable GST / Tax (18%): INR 8854.20
Grand Total Amount Due: INR 58044.20

Payment Terms: Net 15 Days. Bank transfer to account # 987654321012.
Authorized Signatory: Apex Tech Solutions Pvt Ltd Accounts Dept
Thank you for your business!",invoice
"TAX INVOICE / BILL OF SUPPLY
Seller: Global Logistics Corp
Address: 104 Industrial Sector, Cyber City, Tech Corridor
GSTIN: 27AABCT6755A1Z5
Invoice Number: INV-8019
Invoice Date: 19/08/2025
Due Date: 07/09/2025

Billed To: David Miller
Client ID: CLI-517
Address: 42 Palm Avenue, Metropolis

Itemized Breakdown:
1. Professional Cloud Consulting Services - Rate: 23760.00 Qty: 1
2. Security Hardening & Audit Module - Rate: 15840.00 Qty: 1

Subtotal: INR 39600.00
Applicable GST / Tax (18%): INR 7128.00
Grand Total Amount Due: INR 46728.00

Payment Terms: Net 15 Days. Bank transfer to account # 987654321012.
Authorized Signatory: Global Logistics Corp Accounts Dept
Thank you for your business!",invoice
"TAX INVOICE / BILL OF SUPPLY
Seller: CyberDynamics Technologies
Address: 104 Industrial Sector, Cyber City, Tech Corridor
GSTIN: 27AABCT5264A1Z5
Invoice Number: INV-1428
Invoice Date: 02/09/2025
Due Date: 18/10/2025

Billed To: Fatima Al-Mansoor
Client ID: CLI-350
Address: 42 Palm Avenue, Metropolis

Itemized Breakdown:
1. Professional Cloud Consulting Services - Rate: 25032.00 Qty: 1
2. Security Hardening & Audit Module - Rate: 16688.00 Qty: 1

Subtotal: INR 41720.00
Applicable GST / Tax (18%): INR 7509.60
Grand Total Amount Due: INR 49229.60

Payment Terms: Net 15 Days. Bank transfer to account # 987654321012.
Authorized Signatory: CyberDynamics Technologies Accounts Dept
Thank you for your business!",invoice
"TAX INVOICE / BILL OF SUPPLY
Seller: Sunrise Trading Company
Address: 104 Industrial Sector, Cyber City, Tech Corridor
GSTIN: 27AABCT5587A1Z5
Invoice Number: INV-4143
Invoice Date: 10/11/2025
Due Date: 26/12/2025

Billed To: Aarav Sharma
Client ID: CLI-729
Address: 42 Palm Avenue, Metropolis

Itemized Breakdown:
1. Professional Cloud Consulting Services - Rate: 2502.00 Qty: 1
2. Security Hardening & Audit Module - Rate: 1668.00 Qty: 1

Subtotal: INR 4170.00
Applicable GST / Tax (18%): INR 750.60
Grand Total Amount Due: INR 4920.60

Payment Terms: Net 15 Days. Bank transfer to account # 987654321012.
Authorized Signatory: Sunrise Trading Company Accounts Dept
Thank you for your business!",invoice
"TAX INVOICE / BILL OF SUPPLY
Seller: Global Logistics Corp
Address: 104 Industrial Sector, Cyber City, Tech Corridor
GSTIN: 27AABCT1694A1Z5
Invoice Number: INV-2936
Invoice Date: 20/02/2025
Due Date: 08/03/2025

Billed To: David Miller
Client ID: CLI-497
Address: 42 Palm Avenue, Metropolis

Itemized Breakdown:
1. Professional Cloud Consulting Services - Rate: 29274.00 Qty: 1
2. Security Hardening & Audit Module - Rate: 19516.00 Qty: 1

Subtotal: INR 48790.00
Applicable GST / Tax (18%): INR 8782.20
Grand Total Amount Due: INR 57572.20

Payment Terms: Net 15 Days. Bank transfer to account # 987654321012.
Authorized Signatory: Global Logistics Corp Accounts Dept
Thank you for your business!",invoice
"TAX INVOICE / BILL OF SUPPLY
Seller: Quantum Hardware Inc
Address: 104 Industrial Sector, Cyber City, Tech Corridor
GSTIN: 27AABCT9965A1Z5
Invoice Number: INV-7473
Invoice Date: 03/07/2025
Due Date: 19/08/2025

Billed To: David Miller
Client ID: CLI-820
Address: 42 Palm Avenue, Metropolis

Itemized Breakdown:
1. Professional Cloud Consulting Services - Rate: 23760.00 Qty: 1
2. Security Hardening & Audit Module - Rate: 15840.00 Qty: 1

Subtotal: INR 39600.00
Applicable GST / Tax (18%): INR 7128.00
Grand Total Amount Due: INR 46728.00

Payment Terms: Net 15 Days. Bank transfer to account # 987654321012.
Authorized Signatory: Quantum Hardware Inc Accounts Dept
Thank you for your business!",invoice
"TAX INVOICE / BILL OF SUPPLY
Seller: BlueStar Supplies Ltd
Address: 104 Industrial Sector, Cyber City, Tech Corridor
GSTIN: 27AABCT1329A1Z5
Invoice Number: INV-2136
Invoice Date: 21/10/2025
Due Date: 09/11/2025

Billed To: Johnathan Davis
Client ID: CLI-179
Address: 42 Palm Avenue, Metropolis

Itemized Breakdown:
1. Professional Cloud Consulting Services - Rate: 8922.00 Qty: 1
2. Security Hardening & Audit Module - Rate: 5948.00 Qty: 1

Subtotal: INR 14870.00
Applicable GST / Tax (18%): INR 2676.60
Grand Total Amount Due: INR 17546.60

Payment Terms: Net 15 Days. Bank transfer to account # 987654321012.
Authorized Signatory: BlueStar Supplies Ltd Accounts Dept
Thank you for your business!",invoice
"TAX INVOICE / BILL OF SUPPLY
Seller: BlueStar Supplies Ltd
Address: 104 Industrial Sector, Cyber City, Tech Corridor
GSTIN: 27AABCT9584A1Z5
Invoice Number: INV-4128
Invoice Date: 09/10/2025
Due Date: 25/11/2025

Billed To: Sophia Patel
Client ID: CLI-352
Address: 42 Palm Avenue, Metropolis

Itemized Breakdown:
1. Professional Cloud Consulting Services - Rate: 5592.00 Qty: 1
2. Security Hardening & Audit Module - Rate: 3728.00 Qty: 1

Subtotal: INR 9320.00
Applicable GST / Tax (18%): INR 1677.60
Grand Total Amount Due: INR 10997.60

Payment Terms: Net 15 Days. Bank transfer to account # 987654321012.
Authorized Signatory: BlueStar Supplies Ltd Accounts Dept
Thank you for your business!",invoice
"TAX INVOICE / BILL OF SUPPLY
Seller: Quantum Hardware Inc
Address: 104 Industrial Sector, Cyber City, Tech Corridor
GSTIN: 27AABCT2000A1Z5
Invoice Number: INV-4266
Invoice Date: 16/02/2025
Due Date: 04/03/2025

Billed To: Robert Taylor
Client ID: CLI-230
Address: 42 Palm Avenue, Metropolis

Itemized Breakdown:
1. Professional Cloud Consulting Services - Rate: 14010.00 Qty: 1
2. Security Hardening & Audit Module - Rate: 9340.00 Qty: 1

Subtotal: INR 23350.00
Applicable GST / Tax (18%): INR 4203.00
Grand Total Amount Due: INR 27553.00

Payment Terms: Net 15 Days. Bank transfer to account # 987654321012.
Authorized Signatory: Quantum Hardware Inc Accounts Dept
Thank you for your business!",invoice
"TAX INVOICE / BILL OF SUPPLY
Seller: Quantum Hardware Inc
Address: 104 Industrial Sector, Cyber City, Tech Corridor
GSTIN: 27AABCT5003A1Z5
Invoice Number: INV-3558
Invoice Date: 05/08/2025
Due Date: 21/09/2025

Billed To: Elena Rostova
Client ID: CLI-532
Address: 42 Palm Avenue, Metropolis

Itemized Breakdown:
1. Professional Cloud Consulting Services - Rate: 2364.00 Qty: 1
2. Security Hardening & Audit Module - Rate: 1576.00 Qty: 1

Subtotal: INR 3940.00
Applicable GST / Tax (18%): INR 709.20
Grand Total Amount Due: INR 4649.20

Payment Terms: Net 15 Days. Bank transfer to account # 987654321012.
Authorized Signatory: Quantum Hardware Inc Accounts Dept
Thank you for your business!",invoice
"TAX INVOICE / BILL OF SUPPLY
Seller: CyberDynamics Technologies
Address: 104 Industrial Sector, Cyber City, Tech Corridor
GSTIN: 27AABCT9572A1Z5
Invoice Number: INV-5049
Invoice Date: 11/02/2025
Due Date: 27/03/2025

Billed To: Michael Chang
Client ID: CLI-853
Address: 42 Palm Avenue, Metropolis

Itemized Breakdown:
1. Professional Cloud Consulting Services - Rate: 29214.00 Qty: 1
2. Security Hardening & Audit Module - Rate: 19476.00 Qty: 1

Subtotal: INR 48690.00
Applicable GST / Tax (18%): INR 8764.20
Grand Total Amount Due: INR 57454.20

Payment Terms: Net 15 Days. Bank transfer to account # 987654321012.
Authorized Signatory: CyberDynamics Technologies Accounts Dept
Thank you for your business!",invoice
"TAX INVOICE / BILL OF SUPPLY
Seller: Sunrise Trading Company
Address: 104 Industrial Sector, Cyber City, Tech Corridor
GSTIN: 27AABCT2870A1Z5
Invoice Number: INV-2112
Invoice Date: 20/04/2025
Due Date: 08/05/2025

Billed To: Sophia Patel
Client ID: CLI-964
Address: 42 Palm Avenue, Metropolis

Itemized Breakdown:
1. Professional Cloud Consulting Services - Rate: 1464.00 Qty: 1
2. Security Hardening & Audit Module - Rate: 976.00 Qty: 1

Subtotal: INR 2440.00
Applicable GST / Tax (18%): INR 439.20
Grand Total Amount Due: INR 2879.20

Payment Terms: Net 15 Days. Bank transfer to account # 987654321012.
Authorized Signatory: Sunrise Trading Company Accounts Dept
Thank you for your business!",invoice
"TAX INVOICE / BILL OF SUPPLY
Seller: Pinnacle Consulting
Address: 104 Industrial Sector, Cyber City, Tech Corridor
GSTIN: 27AABCT2337A1Z5
Invoice Number: INV-5104
Invoice Date: 09/12/2025
Due Date: 25/01/2025

Billed To: Priya Nair
Client ID: CLI-738
Address: 42 Palm Avenue, Metropolis

Itemized Breakdown:
1. Professional Cloud Consulting Services - Rate: 18954.00 Qty: 1
2. Security Hardening & Audit Module - Rate: 12636.00 Qty: 1

Subtotal: INR 31590.00
Applicable GST / Tax (18%): INR 5686.20
Grand Total Amount Due: INR 37276.20

Payment Terms: Net 15 Days. Bank transfer to account # 987654321012.
Authorized Signatory: Pinnacle Consulting Accounts Dept
Thank you for your business!",invoice
"TAX INVOICE / BILL OF SUPPLY
Seller: Global Logistics Corp
Address: 104 Industrial Sector, Cyber City, Tech Corridor
GSTIN: 27AABCT6149A1Z5
Invoice Number: INV-7095
Invoice Date: 20/02/2025
Due Date: 08/03/2025

Billed To: Aarav Sharma
Client ID: CLI-854
Address: 42 Palm Avenue, Metropolis

Itemized Breakdown:
1. Professional Cloud Consulting Services - Rate: 7842.00 Qty: 1
2. Security Hardening & Audit Module - Rate: 5228.00 Qty: 1

Subtotal: INR 13070.00
Applicable GST / Tax (18%): INR 2352.60
Grand Total Amount Due: INR 15422.60

Payment Terms: Net 15 Days. Bank transfer to account # 987654321012.
Authorized Signatory: Global Logistics Corp Accounts Dept
Thank you for your business!",invoice
"TAX INVOICE / BILL OF SUPPLY
Seller: Zenith Office Automation
Address: 104 Industrial Sector, Cyber City, Tech Corridor
GSTIN: 27AABCT5595A1Z5
Invoice Number: INV-1190
Invoice Date: 26/05/2025
Due Date: 14/06/2025

Billed To: Michael Chang
Client ID: CLI-273
Address: 42 Palm Avenue, Metropolis

Itemized Breakdown:
1. Professional Cloud Consulting Services - Rate: 27774.00 Qty: 1
2. Security Hardening & Audit Module - Rate: 18516.00 Qty: 1

Subtotal: INR 46290.00
Applicable GST / Tax (18%): INR 8332.20
Grand Total Amount Due: INR 54622.20

Payment Terms: Net 15 Days. Bank transfer to account # 987654321012.
Authorized Signatory: Zenith Office Automation Accounts Dept
Thank you for your business!",invoice
"TAX INVOICE / BILL OF SUPPLY
Seller: Sunrise Trading Company
Address: 104 Industrial Sector, Cyber City, Tech Corridor
GSTIN: 27AABCT5825A1Z5
Invoice Number: INV-2232
Invoice Date: 17/02/2025
Due Date: 05/03/2025

Billed To: Aarav Sharma
Client ID: CLI-389
Address: 42 Palm Avenue, Metropolis

Itemized Breakdown:
1. Professional Cloud Consulting Services - Rate: 10512.00 Qty: 1
2. Security Hardening & Audit Module - Rate: 7008.00 Qty: 1

Subtotal: INR 17520.00
Applicable GST / Tax (18%): INR 3153.60
Grand Total Amount Due: INR 20673.60

Payment Terms: Net 15 Days. Bank transfer to account # 987654321012.
Authorized Signatory: Sunrise Trading Company Accounts Dept
Thank you for your business!",invoice
"TAX INVOICE / BILL OF SUPPLY
Seller: Zenith Office Automation
Address: 104 Industrial Sector, Cyber City, Tech Corridor
GSTIN: 27AABCT3594A1Z5
Invoice Number: INV-7104
Invoice Date: 12/07/2025
Due Date: 28/08/2025

Billed To: Sophia Patel
Client ID: CLI-600
Address: 42 Palm Avenue, Metropolis

Itemized Breakdown:
1. Professional Cloud Consulting Services - Rate: 23652.00 Qty: 1
2. Security Hardening & Audit Module - Rate: 15768.00 Qty: 1

Subtotal: INR 39420.00
Applicable GST / Tax (18%): INR 7095.60
Grand Total Amount Due: INR 46515.60

Payment Terms: Net 15 Days. Bank transfer to account # 987654321012.
Authorized Signatory: Zenith Office Automation Accounts Dept
Thank you for your business!",invoice
"TAX INVOICE / BILL OF SUPPLY
Seller: BlueStar Supplies Ltd
Address: 104 Industrial Sector, Cyber City, Tech Corridor
GSTIN: 27AABCT5882A1Z5
Invoice Number: INV-2893
Invoice Date: 22/04/2025
Due Date: 10/05/2025

Billed To: Johnathan Davis
Client ID: CLI-824
Address: 42 Palm Avenue, Metropolis

Itemized Breakdown:
1. Professional Cloud Consulting Services - Rate: 26100.00 Qty: 1
2. Security Hardening & Audit Module - Rate: 17400.00 Qty: 1

Subtotal: INR 43500.00
Applicable GST / Tax (18%): INR 7830.00
Grand Total Amount Due: INR 51330.00

Payment Terms: Net 15 Days. Bank transfer to account # 987654321012.
Authorized Signatory: BlueStar Supplies Ltd Accounts Dept
Thank you for your business!",invoice
"TAX INVOICE / BILL OF SUPPLY
Seller: Pinnacle Consulting
Address: 104 Industrial Sector, Cyber City, Tech Corridor
GSTIN: 27AABCT2073A1Z5
Invoice Number: INV-7150
Invoice Date: 22/06/2025
Due Date: 10/07/2025

Billed To: David Miller
Client ID: CLI-880
Address: 42 Palm Avenue, Metropolis

Itemized Breakdown:
1. Professional Cloud Consulting Services - Rate: 5208.00 Qty: 1
2. Security Hardening & Audit Module - Rate: 3472.00 Qty: 1

Subtotal: INR 8680.00
Applicable GST / Tax (18%): INR 1562.40
Grand Total Amount Due: INR 10242.40

Payment Terms: Net 15 Days. Bank transfer to account # 987654321012.
Authorized Signatory: Pinnacle Consulting Accounts Dept
Thank you for your business!",invoice
"TAX INVOICE / BILL OF SUPPLY
Seller: Global Logistics Corp
Address: 104 Industrial Sector, Cyber City, Tech Corridor
GSTIN: 27AABCT4308A1Z5
Invoice Number: INV-9358
Invoice Date: 21/09/2025
Due Date: 09/10/2025

Billed To: Elena Rostova
Client ID: CLI-240
Address: 42 Palm Avenue, Metropolis

Itemized Breakdown:
1. Professional Cloud Consulting Services - Rate: 7620.00 Qty: 1
2. Security Hardening & Audit Module - Rate: 5080.00 Qty: 1

Subtotal: INR 12700.00
Applicable GST / Tax (18%): INR 2286.00
Grand Total Amount Due: INR 14986.00

Payment Terms: Net 15 Days. Bank transfer to account # 987654321012.
Authorized Signatory: Global Logistics Corp Accounts Dept
Thank you for your business!",invoice
"TAX INVOICE / BILL OF SUPPLY
Seller: Global Logistics Corp
Address: 104 Industrial Sector, Cyber City, Tech Corridor
GSTIN: 27AABCT6737A1Z5
Invoice Number: INV-9640
Invoice Date: 10/05/2025
Due Date: 26/06/2025

Billed To: Robert Taylor
Client ID: CLI-646
Address: 42 Palm Avenue, Metropolis

Itemized Breakdown:
1. Professional Cloud Consulting Services - Rate: 14454.00 Qty: 1
2. Security Hardening & Audit Module - Rate: 9636.00 Qty: 1

Subtotal: INR 24090.00
Applicable GST / Tax (18%): INR 4336.20
Grand Total Amount Due: INR 28426.20

Payment Terms: Net 15 Days. Bank transfer to account # 987654321012.
Authorized Signatory: Global Logistics Corp Accounts Dept
Thank you for your business!",invoice
"TAX INVOICE / BILL OF SUPPLY
Seller: CyberDynamics Technologies
Address: 104 Industrial Sector, Cyber City, Tech Corridor
GSTIN: 27AABCT1652A1Z5
Invoice Number: INV-4044
Invoice Date: 22/10/2025
Due Date: 10/11/2025

Billed To: Michael Chang
Client ID: CLI-709
Address: 42 Palm Avenue, Metropolis

Itemized Breakdown:
1. Professional Cloud Consulting Services - Rate: 26736.00 Qty: 1
2. Security Hardening & Audit Module - Rate: 17824.00 Qty: 1

Subtotal: INR 44560.00
Applicable GST / Tax (18%): INR 8020.80
Grand Total Amount Due: INR 52580.80

Payment Terms: Net 15 Days. Bank transfer to account # 987654321012.
Authorized Signatory: CyberDynamics Technologies Accounts Dept
Thank you for your business!",invoice
"TAX INVOICE / BILL OF SUPPLY
Seller: Global Logistics Corp
Address: 104 Industrial Sector, Cyber City, Tech Corridor
GSTIN: 27AABCT9342A1Z5
Invoice Number: INV-6818
Invoice Date: 12/12/2025
Due Date: 28/01/2025

Billed To: Priya Nair
Client ID: CLI-247
Address: 42 Palm Avenue, Metropolis

Itemized Breakdown:
1. Professional Cloud Consulting Services - Rate: 14592.00 Qty: 1
2. Security Hardening & Audit Module - Rate: 9728.00 Qty: 1

Subtotal: INR 24320.00
Applicable GST / Tax (18%): INR 4377.60
Grand Total Amount Due: INR 28697.60

Payment Terms: Net 15 Days. Bank transfer to account # 987654321012.
Authorized Signatory: Global Logistics Corp Accounts Dept
Thank you for your business!",invoice
"TAX INVOICE / BILL OF SUPPLY
Seller: Pinnacle Consulting
Address: 104 Industrial Sector, Cyber City, Tech Corridor
GSTIN: 27AABCT6357A1Z5
Invoice Number: INV-3235
Invoice Date: 21/12/2025
Due Date: 09/01/2025

Billed To: Elena Rostova
Client ID: CLI-339
Address: 42 Palm Avenue, Metropolis

Itemized Breakdown:
1. Professional Cloud Consulting Services - Rate: 27606.00 Qty: 1
2. Security Hardening & Audit Module - Rate: 18404.00 Qty: 1

Subtotal: INR 46010.00
Applicable GST / Tax (18%): INR 8281.80
Grand Total Amount Due: INR 54291.80

Payment Terms: Net 15 Days. Bank transfer to account # 987654321012.
Authorized Signatory: Pinnacle Consulting Accounts Dept
Thank you for your business!",invoice
"TAX INVOICE / BILL OF SUPPLY
Seller: Nexus Cloud Services
Address: 104 Industrial Sector, Cyber City, Tech Corridor
GSTIN: 27AABCT8298A1Z5
Invoice Number: INV-1700
Invoice Date: 16/04/2025
Due Date: 04/05/2025

Billed To: Michael Chang
Client ID: CLI-640
Address: 42 Palm Avenue, Metropolis

Itemized Breakdown:
1. Professional Cloud Consulting Services - Rate: 4224.00 Qty: 1
2. Security Hardening & Audit Module - Rate: 2816.00 Qty: 1

Subtotal: INR 7040.00
Applicable GST / Tax (18%): INR 1267.20
Grand Total Amount Due: INR 8307.20

Payment Terms: Net 15 Days. Bank transfer to account # 987654321012.
Authorized Signatory: Nexus Cloud Services Accounts Dept
Thank you for your business!",invoice
"TAX INVOICE / BILL OF SUPPLY
Seller: Nexus Cloud Services
Address: 104 Industrial Sector, Cyber City, Tech Corridor
GSTIN: 27AABCT8873A1Z5
Invoice Number: INV-6490
Invoice Date: 03/02/2025
Due Date: 19/03/2025

Billed To: Priya Nair
Client ID: CLI-817
Address: 42 Palm Avenue, Metropolis

Itemized Breakdown:
1. Professional Cloud Consulting Services - Rate: 6654.00 Qty: 1
2. Security Hardening & Audit Module - Rate: 4436.00 Qty: 1

Subtotal: INR 11090.00
Applicable GST / Tax (18%): INR 1996.20
Grand Total Amount Due: INR 13086.20

Payment Terms: Net 15 Days. Bank transfer to account # 987654321012.
Authorized Signatory: Nexus Cloud Services Accounts Dept
Thank you for your business!",invoice
"TAX INVOICE / BILL OF SUPPLY
Seller: Quantum Hardware Inc
Address: 104 Industrial Sector, Cyber City, Tech Corridor
GSTIN: 27AABCT8182A1Z5
Invoice Number: INV-4080
Invoice Date: 07/10/2025
Due Date: 23/11/2025

Billed To: Johnathan Davis
Client ID: CLI-297
Address: 42 Palm Avenue, Metropolis

Itemized Breakdown:
1. Professional Cloud Consulting Services - Rate: 12060.00 Qty: 1
2. Security Hardening & Audit Module - Rate: 8040.00 Qty: 1

Subtotal: INR 20100.00
Applicable GST / Tax (18%): INR 3618.00
Grand Total Amount Due: INR 23718.00

Payment Terms: Net 15 Days. Bank transfer to account # 987654321012.
Authorized Signatory: Quantum Hardware Inc Accounts Dept
Thank you for your business!",invoice
"TAX INVOICE / BILL OF SUPPLY
Seller: Quantum Hardware Inc
Address: 104 Industrial Sector, Cyber City, Tech Corridor
GSTIN: 27AABCT6369A1Z5
Invoice Number: INV-6853
Invoice Date: 15/04/2025
Due Date: 03/05/2025

Billed To: Johnathan Davis
Client ID: CLI-697
Address: 42 Palm Avenue, Metropolis

Itemized Breakdown:
1. Professional Cloud Consulting Services - Rate: 14424.00 Qty: 1
2. Security Hardening & Audit Module - Rate: 9616.00 Qty: 1

Subtotal: INR 24040.00
Applicable GST / Tax (18%): INR 4327.20
Grand Total Amount Due: INR 28367.20

Payment Terms: Net 15 Days. Bank transfer to account # 987654321012.
Authorized Signatory: Quantum Hardware Inc Accounts Dept
Thank you for your business!",invoice
"TAX INVOICE / BILL OF SUPPLY
Seller: Apex Tech Solutions Pvt Ltd
Address: 104 Industrial Sector, Cyber City, Tech Corridor
GSTIN: 27AABCT6552A1Z5
Invoice Number: INV-2257
Invoice Date: 07/05/2025
Due Date: 23/06/2025

Billed To: Fatima Al-Mansoor
Client ID: CLI-878
Address: 42 Palm Avenue, Metropolis

Itemized Breakdown:
1. Professional Cloud Consulting Services - Rate: 23922.00 Qty: 1
2. Security Hardening & Audit Module - Rate: 15948.00 Qty: 1

Subtotal: INR 39870.00
Applicable GST / Tax (18%): INR 7176.60
Grand Total Amount Due: INR 47046.60

Payment Terms: Net 15 Days. Bank transfer to account # 987654321012.
Authorized Signatory: Apex Tech Solutions Pvt Ltd Accounts Dept
Thank you for your business!",invoice
"TAX INVOICE / BILL OF SUPPLY
Seller: Nexus Cloud Services
Address: 104 Industrial Sector, Cyber City, Tech Corridor
GSTIN: 27AABCT3547A1Z5
Invoice Number: INV-5656
Invoice Date: 19/08/2025
Due Date: 07/09/2025

Billed To: David Miller
Client ID: CLI-955
Address: 42 Palm Avenue, Metropolis

Itemized Breakdown:
1. Professional Cloud Consulting Services - Rate: 13374.00 Qty: 1
2. Security Hardening & Audit Module - Rate: 8916.00 Qty: 1

Subtotal: INR 22290.00
Applicable GST / Tax (18%): INR 4012.20
Grand Total Amount Due: INR 26302.20

Payment Terms: Net 15 Days. Bank transfer to account # 987654321012.
Authorized Signatory: Nexus Cloud Services Accounts Dept
Thank you for your business!",invoice
"TAX INVOICE / BILL OF SUPPLY
Seller: Global Logistics Corp
Address: 104 Industrial Sector, Cyber City, Tech Corridor
GSTIN: 27AABCT1425A1Z5
Invoice Number: INV-9478
Invoice Date: 24/09/2025
Due Date: 12/10/2025

Billed To: Priya Nair
Client ID: CLI-566
Address: 42 Palm Avenue, Metropolis

Itemized Breakdown:
1. Professional Cloud Consulting Services - Rate: 9360.00 Qty: 1
2. Security Hardening & Audit Module - Rate: 6240.00 Qty: 1

Subtotal: INR 15600.00
Applicable GST / Tax (18%): INR 2808.00
Grand Total Amount Due: INR 18408.00

Payment Terms: Net 15 Days. Bank transfer to account # 987654321012.
Authorized Signatory: Global Logistics Corp Accounts Dept
Thank you for your business!",invoice
"TAX INVOICE / BILL OF SUPPLY
Seller: Sunrise Trading Company
Address: 104 Industrial Sector, Cyber City, Tech Corridor
GSTIN: 27AABCT7095A1Z5
Invoice Number: INV-1049
Invoice Date: 23/02/2025
Due Date: 11/03/2025

Billed To: Johnathan Davis
Client ID: CLI-534
Address: 42 Palm Avenue, Metropolis

Itemized Breakdown:
1. Professional Cloud Consulting Services - Rate: 23892.00 Qty: 1
2. Security Hardening & Audit Module - Rate: 15928.00 Qty: 1

Subtotal: INR 39820.00
Applicable GST / Tax (18%): INR 7167.60
Grand Total Amount Due: INR 46987.60

Payment Terms: Net 15 Days. Bank transfer to account # 987654321012.
Authorized Signatory: Sunrise Trading Company Accounts Dept
Thank you for your business!",invoice
"TAX INVOICE / BILL OF SUPPLY
Seller: Apex Tech Solutions Pvt Ltd
Address: 104 Industrial Sector, Cyber City, Tech Corridor
GSTIN: 27AABCT4510A1Z5
Invoice Number: INV-8010
Invoice Date: 12/01/2025
Due Date: 28/02/2025

Billed To: Johnathan Davis
Client ID: CLI-895
Address: 42 Palm Avenue, Metropolis

Itemized Breakdown:
1. Professional Cloud Consulting Services - Rate: 27096.00 Qty: 1
2. Security Hardening & Audit Module - Rate: 18064.00 Qty: 1

Subtotal: INR 45160.00
Applicable GST / Tax (18%): INR 8128.80
Grand Total Amount Due: INR 53288.80

Payment Terms: Net 15 Days. Bank transfer to account # 987654321012.
Authorized Signatory: Apex Tech Solutions Pvt Ltd Accounts Dept
Thank you for your business!",invoice
"TAX INVOICE / BILL OF SUPPLY
Seller: Quantum Hardware Inc
Address: 104 Industrial Sector, Cyber City, Tech Corridor
GSTIN: 27AABCT8018A1Z5
Invoice Number: INV-5031
Invoice Date: 27/11/2025
Due Date: 15/12/2025

Billed To: Fatima Al-Mansoor
Client ID: CLI-136
Address: 42 Palm Avenue, Metropolis

Itemized Breakdown:
1. Professional Cloud Consulting Services - Rate: 28380.00 Qty: 1
2. Security Hardening & Audit Module - Rate: 18920.00 Qty: 1

Subtotal: INR 47300.00
Applicable GST / Tax (18%): INR 8514.00
Grand Total Amount Due: INR 55814.00

Payment Terms: Net 15 Days. Bank transfer to account # 987654321012.
Authorized Signatory: Quantum Hardware Inc Accounts Dept
Thank you for your business!",invoice
"TAX INVOICE / BILL OF SUPPLY
Seller: CyberDynamics Technologies
Address: 104 Industrial Sector, Cyber City, Tech Corridor
GSTIN: 27AABCT6182A1Z5
Invoice Number: INV-4079
Invoice Date: 25/11/2025
Due Date: 13/12/2025

Billed To: Priya Nair
Client ID: CLI-364
Address: 42 Palm Avenue, Metropolis

Itemized Breakdown:
1. Professional Cloud Consulting Services - Rate: 24570.00 Qty: 1
2. Security Hardening & Audit Module - Rate: 16380.00 Qty: 1

Subtotal: INR 40950.00
Applicable GST / Tax (18%): INR 7371.00
Grand Total Amount Due: INR 48321.00

Payment Terms: Net 15 Days. Bank transfer to account # 987654321012.
Authorized Signatory: CyberDynamics Technologies Accounts Dept
Thank you for your business!",invoice
"TAX INVOICE / BILL OF SUPPLY
Seller: Nexus Cloud Services
Address: 104 Industrial Sector, Cyber City, Tech Corridor
GSTIN: 27AABCT7671A1Z5
Invoice Number: INV-1415
Invoice Date: 26/03/2025
Due Date: 14/04/2025

Billed To: Priya Nair
Client ID: CLI-921
Address: 42 Palm Avenue, Metropolis

Itemized Breakdown:
1. Professional Cloud Consulting Services - Rate: 27318.00 Qty: 1
2. Security Hardening & Audit Module - Rate: 18212.00 Qty: 1

Subtotal: INR 45530.00
Applicable GST / Tax (18%): INR 8195.40
Grand Total Amount Due: INR 53725.40

Payment Terms: Net 15 Days. Bank transfer to account # 987654321012.
Authorized Signatory: Nexus Cloud Services Accounts Dept
Thank you for your business!",invoice
"TAX INVOICE / BILL OF SUPPLY
Seller: Global Logistics Corp
Address: 104 Industrial Sector, Cyber City, Tech Corridor
GSTIN: 27AABCT4871A1Z5
Invoice Number: INV-8004
Invoice Date: 10/06/2025
Due Date: 26/07/2025

Billed To: Priya Nair
Client ID: CLI-202
Address: 42 Palm Avenue, Metropolis

Itemized Breakdown:
1. Professional Cloud Consulting Services - Rate: 20766.00 Qty: 1
2. Security Hardening & Audit Module - Rate: 13844.00 Qty: 1

Subtotal: INR 34610.00
Applicable GST / Tax (18%): INR 6229.80
Grand Total Amount Due: INR 40839.80

Payment Terms: Net 15 Days. Bank transfer to account # 987654321012.
Authorized Signatory: Global Logistics Corp Accounts Dept
Thank you for your business!",invoice
"TAX INVOICE / BILL OF SUPPLY
Seller: Pinnacle Consulting
Address: 104 Industrial Sector, Cyber City, Tech Corridor
GSTIN: 27AABCT3893A1Z5
Invoice Number: INV-2270
Invoice Date: 10/10/2025
Due Date: 26/11/2025

Billed To: Fatima Al-Mansoor
Client ID: CLI-227
Address: 42 Palm Avenue, Metropolis

Itemized Breakdown:
1. Professional Cloud Consulting Services - Rate: 5910.00 Qty: 1
2. Security Hardening & Audit Module - Rate: 3940.00 Qty: 1

Subtotal: INR 9850.00
Applicable GST / Tax (18%): INR 1773.00
Grand Total Amount Due: INR 11623.00

Payment Terms: Net 15 Days. Bank transfer to account # 987654321012.
Authorized Signatory: Pinnacle Consulting Accounts Dept
Thank you for your business!",invoice
"TAX INVOICE / BILL OF SUPPLY
Seller: Nexus Cloud Services
Address: 104 Industrial Sector, Cyber City, Tech Corridor
GSTIN: 27AABCT5545A1Z5
Invoice Number: INV-1534
Invoice Date: 21/05/2025
Due Date: 09/06/2025

Billed To: Priya Nair
Client ID: CLI-997
Address: 42 Palm Avenue, Metropolis

Itemized Breakdown:
1. Professional Cloud Consulting Services - Rate: 11412.00 Qty: 1
2. Security Hardening & Audit Module - Rate: 7608.00 Qty: 1

Subtotal: INR 19020.00
Applicable GST / Tax (18%): INR 3423.60
Grand Total Amount Due: INR 22443.60

Payment Terms: Net 15 Days. Bank transfer to account # 987654321012.
Authorized Signatory: Nexus Cloud Services Accounts Dept
Thank you for your business!",invoice
"TAX INVOICE / BILL OF SUPPLY
Seller: Zenith Office Automation
Address: 104 Industrial Sector, Cyber City, Tech Corridor
GSTIN: 27AABCT2066A1Z5
Invoice Number: INV-7779
Invoice Date: 19/08/2025
Due Date: 07/09/2025

Billed To: Fatima Al-Mansoor
Client ID: CLI-644
Address: 42 Palm Avenue, Metropolis

Itemized Breakdown:
1. Professional Cloud Consulting Services - Rate: 11100.00 Qty: 1
2. Security Hardening & Audit Module - Rate: 7400.00 Qty: 1

Subtotal: INR 18500.00
Applicable GST / Tax (18%): INR 3330.00
Grand Total Amount Due: INR 21830.00

Payment Terms: Net 15 Days. Bank transfer to account # 987654321012.
Authorized Signatory: Zenith Office Automation Accounts Dept
Thank you for your business!",invoice
"TAX INVOICE / BILL OF SUPPLY
Seller: Pinnacle Consulting
Address: 104 Industrial Sector, Cyber City, Tech Corridor
GSTIN: 27AABCT8482A1Z5
Invoice Number: INV-1102
Invoice Date: 15/07/2025
Due Date: 03/08/2025

Billed To: Aarav Sharma
Client ID: CLI-311
Address: 42 Palm Avenue, Metropolis

Itemized Breakdown:
1. Professional Cloud Consulting Services - Rate: 25788.00 Qty: 1
2. Security Hardening & Audit Module - Rate: 17192.00 Qty: 1

Subtotal: INR 42980.00
Applicable GST / Tax (18%): INR 7736.40
Grand Total Amount Due: INR 50716.40

Payment Terms: Net 15 Days. Bank transfer to account # 987654321012.
Authorized Signatory: Pinnacle Consulting Accounts Dept
Thank you for your business!",invoice
"TAX INVOICE / BILL OF SUPPLY
Seller: Sunrise Trading Company
Address: 104 Industrial Sector, Cyber City, Tech Corridor
GSTIN: 27AABCT7833A1Z5
Invoice Number: INV-6649
Invoice Date: 02/01/2025
Due Date: 18/02/2025

Billed To: Johnathan Davis
Client ID: CLI-590
Address: 42 Palm Avenue, Metropolis

Itemized Breakdown:
1. Professional Cloud Consulting Services - Rate: 2328.00 Qty: 1
2. Security Hardening & Audit Module - Rate: 1552.00 Qty: 1

Subtotal: INR 3880.00
Applicable GST / Tax (18%): INR 698.40
Grand Total Amount Due: INR 4578.40

Payment Terms: Net 15 Days. Bank transfer to account # 987654321012.
Authorized Signatory: Sunrise Trading Company Accounts Dept
Thank you for your business!",invoice
"TAX INVOICE / BILL OF SUPPLY
Seller: Zenith Office Automation
Address: 104 Industrial Sector, Cyber City, Tech Corridor
GSTIN: 27AABCT2015A1Z5
Invoice Number: INV-3993
Invoice Date: 09/07/2025
Due Date: 25/08/2025

Billed To: Elena Rostova
Client ID: CLI-921
Address: 42 Palm Avenue, Metropolis

Itemized Breakdown:
1. Professional Cloud Consulting Services - Rate: 14076.00 Qty: 1
2. Security Hardening & Audit Module - Rate: 9384.00 Qty: 1

Subtotal: INR 23460.00
Applicable GST / Tax (18%): INR 4222.80
Grand Total Amount Due: INR 27682.80

Payment Terms: Net 15 Days. Bank transfer to account # 987654321012.
Authorized Signatory: Zenith Office Automation Accounts Dept
Thank you for your business!",invoice
"TAX INVOICE / BILL OF SUPPLY
Seller: BlueStar Supplies Ltd
Address: 104 Industrial Sector, Cyber City, Tech Corridor
GSTIN: 27AABCT9632A1Z5
Invoice Number: INV-4548
Invoice Date: 23/07/2025
Due Date: 11/08/2025

Billed To: Sophia Patel
Client ID: CLI-400
Address: 42 Palm Avenue, Metropolis

Itemized Breakdown:
1. Professional Cloud Consulting Services - Rate: 26220.00 Qty: 1
2. Security Hardening & Audit Module - Rate: 17480.00 Qty: 1

Subtotal: INR 43700.00
Applicable GST / Tax (18%): INR 7866.00
Grand Total Amount Due: INR 51566.00

Payment Terms: Net 15 Days. Bank transfer to account # 987654321012.
Authorized Signatory: BlueStar Supplies Ltd Accounts Dept
Thank you for your business!",invoice
"TAX INVOICE / BILL OF SUPPLY
Seller: CyberDynamics Technologies
Address: 104 Industrial Sector, Cyber City, Tech Corridor
GSTIN: 27AABCT4261A1Z5
Invoice Number: INV-2695
Invoice Date: 18/11/2025
Due Date: 06/12/2025

Billed To: Priya Nair
Client ID: CLI-278
Address: 42 Palm Avenue, Metropolis

Itemized Breakdown:
1. Professional Cloud Consulting Services - Rate: 14064.00 Qty: 1
2. Security Hardening & Audit Module - Rate: 9376.00 Qty: 1

Subtotal: INR 23440.00
Applicable GST / Tax (18%): INR 4219.20
Grand Total Amount Due: INR 27659.20

Payment Terms: Net 15 Days. Bank transfer to account # 987654321012.
Authorized Signatory: CyberDynamics Technologies Accounts Dept
Thank you for your business!",invoice
"TAX INVOICE / BILL OF SUPPLY
Seller: CyberDynamics Technologies
Address: 104 Industrial Sector, Cyber City, Tech Corridor
GSTIN: 27AABCT3588A1Z5
Invoice Number: INV-6590
Invoice Date: 22/10/2025
Due Date: 10/11/2025

Billed To: Sophia Patel
Client ID: CLI-314
Address: 42 Palm Avenue, Metropolis

Itemized Breakdown:
1. Professional Cloud Consulting Services - Rate: 5676.00 Qty: 1
2. Security Hardening & Audit Module - Rate: 3784.00 Qty: 1

Subtotal: INR 9460.00
Applicable GST / Tax (18%): INR 1702.80
Grand Total Amount Due: INR 11162.80

Payment Terms: Net 15 Days. Bank transfer to account # 987654321012.
Authorized Signatory: CyberDynamics Technologies Accounts Dept
Thank you for your business!",invoice
"TAX INVOICE / BILL OF SUPPLY
Seller: Apex Tech Solutions Pvt Ltd
Address: 104 Industrial Sector, Cyber City, Tech Corridor
GSTIN: 27AABCT4397A1Z5
Invoice Number: INV-7164
Invoice Date: 09/11/2025
Due Date: 25/12/2025

Billed To: Fatima Al-Mansoor
Client ID: CLI-446
Address: 42 Palm Avenue, Metropolis

Itemized Breakdown:
1. Professional Cloud Consulting Services - Rate: 28482.00 Qty: 1
2. Security Hardening & Audit Module - Rate: 18988.00 Qty: 1

Subtotal: INR 47470.00
Applicable GST / Tax (18%): INR 8544.60
Grand Total Amount Due: INR 56014.60

Payment Terms: Net 15 Days. Bank transfer to account # 987654321012.
Authorized Signatory: Apex Tech Solutions Pvt Ltd Accounts Dept
Thank you for your business!",invoice
"TAX INVOICE / BILL OF SUPPLY
Seller: Sunrise Trading Company
Address: 104 Industrial Sector, Cyber City, Tech Corridor
GSTIN: 27AABCT6082A1Z5
Invoice Number: INV-6672
Invoice Date: 05/09/2025
Due Date: 21/10/2025

Billed To: Robert Taylor
Client ID: CLI-943
Address: 42 Palm Avenue, Metropolis

Itemized Breakdown:
1. Professional Cloud Consulting Services - Rate: 5634.00 Qty: 1
2. Security Hardening & Audit Module - Rate: 3756.00 Qty: 1

Subtotal: INR 9390.00
Applicable GST / Tax (18%): INR 1690.20
Grand Total Amount Due: INR 11080.20

Payment Terms: Net 15 Days. Bank transfer to account # 987654321012.
Authorized Signatory: Sunrise Trading Company Accounts Dept
Thank you for your business!",invoice
"TAX INVOICE / BILL OF SUPPLY
Seller: CyberDynamics Technologies
Address: 104 Industrial Sector, Cyber City, Tech Corridor
GSTIN: 27AABCT5517A1Z5
Invoice Number: INV-9361
Invoice Date: 14/11/2025
Due Date: 02/12/2025

Billed To: Priya Nair
Client ID: CLI-579
Address: 42 Palm Avenue, Metropolis

Itemized Breakdown:
1. Professional Cloud Consulting Services - Rate: 19008.00 Qty: 1
2. Security Hardening & Audit Module - Rate: 12672.00 Qty: 1

Subtotal: INR 31680.00
Applicable GST / Tax (18%): INR 5702.40
Grand Total Amount Due: INR 37382.40

Payment Terms: Net 15 Days. Bank transfer to account # 987654321012.
Authorized Signatory: CyberDynamics Technologies Accounts Dept
Thank you for your business!",invoice
"METROPOLITAN TRUST BANK
ACCOUNT STATEMENT - SAVINGS ACCOUNT
Branch: Metropolitan Central | IFSC: BKST000952
Account Holder Name: Aarav Sharma
Account Number: 98783077903
Statement Period: 01/05/2025 to 31/05/2025
Currency: INR

Opening Balance: INR 6089.00
Total Deposits / Credits: INR 1388.00
Total Withdrawals / Debits: INR 1574.00
Closing Available Balance: INR 5903.00

Recent Transactions:
05/05/2025 | SALARY CREDIT NEFT | CR | 1388.00 | Bal: 7477.00
12/05/2025 | ATM CASH WITHDRAWAL | DR | 1574.00 | Bal: 5903.00

Total Transaction Count: 2
This is a computer generated bank statement and does not require a physical stamp.",bank_statement
"STANDARD CHARTERED TRUST
ACCOUNT STATEMENT - SAVINGS ACCOUNT
Branch: Metropolitan Central | IFSC: BKST000338
Account Holder Name: Johnathan Davis
Account Number: 98772789560
Statement Period: 01/05/2025 to 31/05/2025
Currency: INR

Opening Balance: INR 8710.00
Total Deposits / Credits: INR 3268.00
Total Withdrawals / Debits: INR 1257.00
Closing Available Balance: INR 10721.00

Recent Transactions:
05/05/2025 | SALARY CREDIT NEFT | CR | 3268.00 | Bal: 11978.00
12/05/2025 | ATM CASH WITHDRAWAL | DR | 1257.00 | Bal: 10721.00

Total Transaction Count: 2
This is a computer generated bank statement and does not require a physical stamp.",bank_statement
"STATE RESERVE BANK
ACCOUNT STATEMENT - SAVINGS ACCOUNT
Branch: Metropolitan Central | IFSC: BKST000177
Account Holder Name: Robert Taylor
Account Number: 98726404159
Statement Period: 01/05/2025 to 31/05/2025
Currency: INR

Opening Balance: INR 16663.00
Total Deposits / Credits: INR 1169.00
Total Withdrawals / Debits: INR 2296.00
Closing Available Balance: INR 15536.00

Recent Transactions:
05/05/2025 | SALARY CREDIT NEFT | CR | 1169.00 | Bal: 17832.00
12/05/2025 | ATM CASH WITHDRAWAL | DR | 2296.00 | Bal: 15536.00

Total Transaction Count: 2
This is a computer generated bank statement and does not require a physical stamp.",bank_statement
"APEX FEDERAL CREDIT UNION
ACCOUNT STATEMENT - SAVINGS ACCOUNT
Branch: Metropolitan Central | IFSC: BKST000844
Account Holder Name: Elena Rostova
Account Number: 98780636761
Statement Period: 01/05/2025 to 31/05/2025
Currency: INR

Opening Balance: INR 10981.00
Total Deposits / Credits: INR 4234.00
Total Withdrawals / Debits: INR 1871.00
Closing Available Balance: INR 13344.00

Recent Transactions:
05/05/2025 | SALARY CREDIT NEFT | CR | 4234.00 | Bal: 15215.00
12/05/2025 | ATM CASH WITHDRAWAL | DR | 1871.00 | Bal: 13344.00

Total Transaction Count: 2
This is a computer generated bank statement and does not require a physical stamp.",bank_statement
"APEX FEDERAL CREDIT UNION
ACCOUNT STATEMENT - SAVINGS ACCOUNT
Branch: Metropolitan Central | IFSC: BKST000922
Account Holder Name: David Miller
Account Number: 98796662859
Statement Period: 01/05/2025 to 31/05/2025
Currency: INR

Opening Balance: INR 18228.00
Total Deposits / Credits: INR 2410.00
Total Withdrawals / Debits: INR 2750.00
Closing Available Balance: INR 17888.00

Recent Transactions:
05/05/2025 | SALARY CREDIT NEFT | CR | 2410.00 | Bal: 20638.00
12/05/2025 | ATM CASH WITHDRAWAL | DR | 2750.00 | Bal: 17888.00

Total Transaction Count: 2
This is a computer generated bank statement and does not require a physical stamp.",bank_statement
"STANDARD CHARTERED TRUST
ACCOUNT STATEMENT - SAVINGS ACCOUNT
Branch: Metropolitan Central | IFSC: BKST000445
Account Holder Name: Michael Chang
Account Number: 98743518822
Statement Period: 01/05/2025 to 31/05/2025
Currency: INR

Opening Balance: INR 13886.00
Total Deposits / Credits: INR 2093.00
Total Withdrawals / Debits: INR 512.00
Closing Available Balance: INR 15467.00

Recent Transactions:
05/05/2025 | SALARY CREDIT NEFT | CR | 2093.00 | Bal: 15979.00
12/05/2025 | ATM CASH WITHDRAWAL | DR | 512.00 | Bal: 15467.00

Total Transaction Count: 2
This is a computer generated bank statement and does not require a physical stamp.",bank_statement
"METROPOLITAN TRUST BANK
ACCOUNT STATEMENT - SAVINGS ACCOUNT
Branch: Metropolitan Central | IFSC: BKST000110
Account Holder Name: Fatima Al-Mansoor
Account Number: 98716951819
Statement Period: 01/05/2025 to 31/05/2025
Currency: INR

Opening Balance: INR 10966.00
Total Deposits / Credits: INR 2758.00
Total Withdrawals / Debits: INR 613.00
Closing Available Balance: INR 13111.00

Recent Transactions:
05/05/2025 | SALARY CREDIT NEFT | CR | 2758.00 | Bal: 13724.00
12/05/2025 | ATM CASH WITHDRAWAL | DR | 613.00 | Bal: 13111.00

Total Transaction Count: 2
This is a computer generated bank statement and does not require a physical stamp.",bank_statement
"STATE RESERVE BANK
ACCOUNT STATEMENT - SAVINGS ACCOUNT
Branch: Metropolitan Central | IFSC: BKST000155
Account Holder Name: Fatima Al-Mansoor
Account Number: 98719666358
Statement Period: 01/05/2025 to 31/05/2025
Currency: INR

Opening Balance: INR 7018.00
Total Deposits / Credits: INR 4598.00
Total Withdrawals / Debits: INR 2431.00
Closing Available Balance: INR 9185.00

Recent Transactions:
05/05/2025 | SALARY CREDIT NEFT | CR | 4598.00 | Bal: 11616.00
12/05/2025 | ATM CASH WITHDRAWAL | DR | 2431.00 | Bal: 9185.00

Total Transaction Count: 2
This is a computer generated bank statement and does not require a physical stamp.",bank_statement
"STANDARD CHARTERED TRUST
ACCOUNT STATEMENT - SAVINGS ACCOUNT
Branch: Metropolitan Central | IFSC: BKST000122
Account Holder Name: Johnathan Davis
Account Number: 98756671034
Statement Period: 01/05/2025 to 31/05/2025
Currency: INR

Opening Balance: INR 5132.00
Total Deposits / Credits: INR 3317.00
Total Withdrawals / Debits: INR 2103.00
Closing Available Balance: INR 6346.00

Recent Transactions:
05/05/2025 | SALARY CREDIT NEFT | CR | 3317.00 | Bal: 8449.00
12/05/2025 | ATM CASH WITHDRAWAL | DR | 2103.00 | Bal: 6346.00

Total Transaction Count: 2
This is a computer generated bank statement and does not require a physical stamp.",bank_statement
"HORIZON GLOBAL BANK
ACCOUNT STATEMENT - SAVINGS ACCOUNT
Branch: Metropolitan Central | IFSC: BKST000961
Account Holder Name: Sophia Patel
Account Number: 98795473855
Statement Period: 01/05/2025 to 31/05/2025
Currency: INR

Opening Balance: INR 13763.00
Total Deposits / Credits: INR 1885.00
Total Withdrawals / Debits: INR 2977.00
Closing Available Balance: INR 12671.00

Recent Transactions:
05/05/2025 | SALARY CREDIT NEFT | CR | 1885.00 | Bal: 15648.00
12/05/2025 | ATM CASH WITHDRAWAL | DR | 2977.00 | Bal: 12671.00

Total Transaction Count: 2
This is a computer generated bank statement and does not require a physical stamp.",bank_statement
"APEX FEDERAL CREDIT UNION
ACCOUNT STATEMENT - SAVINGS ACCOUNT
Branch: Metropolitan Central | IFSC: BKST000359
Account Holder Name: Johnathan Davis
Account Number: 98735043536
Statement Period: 01/05/2025 to 31/05/2025
Currency: INR

Opening Balance: INR 13415.00
Total Deposits / Credits: INR 2218.00
Total Withdrawals / Debits: INR 2447.00
Closing Available Balance: INR 13186.00

Recent Transactions:
05/05/2025 | SALARY CREDIT NEFT | CR | 2218.00 | Bal: 15633.00
12/05/2025 | ATM CASH WITHDRAWAL | DR | 2447.00 | Bal: 13186.00

Total Transaction Count: 2
This is a computer generated bank statement and does not require a physical stamp.",bank_statement
"STANDARD CHARTERED TRUST
ACCOUNT STATEMENT - SAVINGS ACCOUNT
Branch: Metropolitan Central | IFSC: BKST000834
Account Holder Name: Johnathan Davis
Account Number: 98762614799
Statement Period: 01/05/2025 to 31/05/2025
Currency: INR

Opening Balance: INR 10283.00
Total Deposits / Credits: INR 2570.00
Total Withdrawals / Debits: INR 1228.00
Closing Available Balance: INR 11625.00

Recent Transactions:
05/05/2025 | SALARY CREDIT NEFT | CR | 2570.00 | Bal: 12853.00
12/05/2025 | ATM CASH WITHDRAWAL | DR | 1228.00 | Bal: 11625.00

Total Transaction Count: 2
This is a computer generated bank statement and does not require a physical stamp.",bank_statement
"STANDARD CHARTERED TRUST
ACCOUNT STATEMENT - SAVINGS ACCOUNT
Branch: Metropolitan Central | IFSC: BKST000678
Account Holder Name: Fatima Al-Mansoor
Account Number: 98725171373
Statement Period: 01/05/2025 to 31/05/2025
Currency: INR

Opening Balance: INR 13185.00
Total Deposits / Credits: INR 4188.00
Total Withdrawals / Debits: INR 1851.00
Closing Available Balance: INR 15522.00

Recent Transactions:
05/05/2025 | SALARY CREDIT NEFT | CR | 4188.00 | Bal: 17373.00
12/05/2025 | ATM CASH WITHDRAWAL | DR | 1851.00 | Bal: 15522.00

Total Transaction Count: 2
This is a computer generated bank statement and does not require a physical stamp.",bank_statement
"METROPOLITAN TRUST BANK
ACCOUNT STATEMENT - SAVINGS ACCOUNT
Branch: Metropolitan Central | IFSC: BKST000107
Account Holder Name: Sophia Patel
Account Number: 98772832191
Statement Period: 01/05/2025 to 31/05/2025
Currency: INR

Opening Balance: INR 16959.00
Total Deposits / Credits: INR 4965.00
Total Withdrawals / Debits: INR 2355.00
Closing Available Balance: INR 19569.00

Recent Transactions:
05/05/2025 | SALARY CREDIT NEFT | CR | 4965.00 | Bal: 21924.00
12/05/2025 | ATM CASH WITHDRAWAL | DR | 2355.00 | Bal: 19569.00

Total Transaction Count: 2
This is a computer generated bank statement and does not require a physical stamp.",bank_statement
"APEX FEDERAL CREDIT UNION
ACCOUNT STATEMENT - SAVINGS ACCOUNT
Branch: Metropolitan Central | IFSC: BKST000804
Account Holder Name: Robert Taylor
Account Number: 98712582118
Statement Period: 01/05/2025 to 31/05/2025
Currency: INR

Opening Balance: INR 15931.00
Total Deposits / Credits: INR 1264.00
Total Withdrawals / Debits: INR 1908.00
Closing Available Balance: INR 15287.00

Recent Transactions:
05/05/2025 | SALARY CREDIT NEFT | CR | 1264.00 | Bal: 17195.00
12/05/2025 | ATM CASH WITHDRAWAL | DR | 1908.00 | Bal: 15287.00

Total Transaction Count: 2
This is a computer generated bank statement and does not require a physical stamp.",bank_statement
"HORIZON GLOBAL BANK
ACCOUNT STATEMENT - SAVINGS ACCOUNT
Branch: Metropolitan Central | IFSC: BKST000417
Account Holder Name: Sophia Patel
Account Number: 98730435213
Statement Period: 01/05/2025 to 31/05/2025
Currency: INR

Opening Balance: INR 8830.00
Total Deposits / Credits: INR 3765.00
Total Withdrawals / Debits: INR 692.00
Closing Available Balance: INR 11903.00

Recent Transactions:
05/05/2025 | SALARY CREDIT NEFT | CR | 3765.00 | Bal: 12595.00
12/05/2025 | ATM CASH WITHDRAWAL | DR | 692.00 | Bal: 11903.00

Total Transaction Count: 2
This is a computer generated bank statement and does not require a physical stamp.",bank_statement
"METROPOLITAN TRUST BANK
ACCOUNT STATEMENT - SAVINGS ACCOUNT
Branch: Metropolitan Central | IFSC: BKST000253
Account Holder Name: Priya Nair
Account Number: 98796189823
Statement Period: 01/05/2025 to 31/05/2025
Currency: INR

Opening Balance: INR 19260.00
Total Deposits / Credits: INR 2263.00
Total Withdrawals / Debits: INR 2222.00
Closing Available Balance: INR 19301.00

Recent Transactions:
05/05/2025 | SALARY CREDIT NEFT | CR | 2263.00 | Bal: 21523.00
12/05/2025 | ATM CASH WITHDRAWAL | DR | 2222.00 | Bal: 19301.00

Total Transaction Count: 2
This is a computer generated bank statement and does not require a physical stamp.",bank_statement
"HORIZON GLOBAL BANK
ACCOUNT STATEMENT - SAVINGS ACCOUNT
Branch: Metropolitan Central | IFSC: BKST000755
Account Holder Name: Sophia Patel
Account Number: 98762443914
Statement Period: 01/05/2025 to 31/05/2025
Currency: INR

Opening Balance: INR 11864.00
Total Deposits / Credits: INR 1590.00
Total Withdrawals / Debits: INR 1423.00
Closing Available Balance: INR 12031.00

Recent Transactions:
05/05/2025 | SALARY CREDIT NEFT | CR | 1590.00 | Bal: 13454.00
12/05/2025 | ATM CASH WITHDRAWAL | DR | 1423.00 | Bal: 12031.00

Total Transaction Count: 2
This is a computer generated bank statement and does not require a physical stamp.",bank_statement
"NATIONAL COMMERCIAL BANK
ACCOUNT STATEMENT - SAVINGS ACCOUNT
Branch: Metropolitan Central | IFSC: BKST000198
Account Holder Name: David Miller
Account Number: 98744748833
Statement Period: 01/05/2025 to 31/05/2025
Currency: INR

Opening Balance: INR 10692.00
Total Deposits / Credits: INR 4794.00
Total Withdrawals / Debits: INR 2512.00
Closing Available Balance: INR 12974.00

Recent Transactions:
05/05/2025 | SALARY CREDIT NEFT | CR | 4794.00 | Bal: 15486.00
12/05/2025 | ATM CASH WITHDRAWAL | DR | 2512.00 | Bal: 12974.00

Total Transaction Count: 2
This is a computer generated bank statement and does not require a physical stamp.",bank_statement
"METROPOLITAN TRUST BANK
ACCOUNT STATEMENT - SAVINGS ACCOUNT
Branch: Metropolitan Central | IFSC: BKST000293
Account Holder Name: David Miller
Account Number: 98782517309
Statement Period: 01/05/2025 to 31/05/2025
Currency: INR

Opening Balance: INR 8538.00
Total Deposits / Credits: INR 4248.00
Total Withdrawals / Debits: INR 2834.00
Closing Available Balance: INR 9952.00

Recent Transactions:
05/05/2025 | SALARY CREDIT NEFT | CR | 4248.00 | Bal: 12786.00
12/05/2025 | ATM CASH WITHDRAWAL | DR | 2834.00 | Bal: 9952.00

Total Transaction Count: 2
This is a computer generated bank statement and does not require a physical stamp.",bank_statement
"STATE RESERVE BANK
ACCOUNT STATEMENT - SAVINGS ACCOUNT
Branch: Metropolitan Central | IFSC: BKST000360
Account Holder Name: Elena Rostova
Account Number: 98714813817
Statement Period: 01/05/2025 to 31/05/2025
Currency: INR

Opening Balance: INR 16029.00
Total Deposits / Credits: INR 1984.00
Total Withdrawals / Debits: INR 2342.00
Closing Available Balance: INR 15671.00

Recent Transactions:
05/05/2025 | SALARY CREDIT NEFT | CR | 1984.00 | Bal: 18013.00
12/05/2025 | ATM CASH WITHDRAWAL | DR | 2342.00 | Bal: 15671.00

Total Transaction Count: 2
This is a computer generated bank statement and does not require a physical stamp.",bank_statement
"STANDARD CHARTERED TRUST
ACCOUNT STATEMENT - SAVINGS ACCOUNT
Branch: Metropolitan Central | IFSC: BKST000453
Account Holder Name: Priya Nair
Account Number: 98763375529
Statement Period: 01/05/2025 to 31/05/2025
Currency: INR

Opening Balance: INR 6265.00
Total Deposits / Credits: INR 2860.00
Total Withdrawals / Debits: INR 878.00
Closing Available Balance: INR 8247.00

Recent Transactions:
05/05/2025 | SALARY CREDIT NEFT | CR | 2860.00 | Bal: 9125.00
12/05/2025 | ATM CASH WITHDRAWAL | DR | 878.00 | Bal: 8247.00

Total Transaction Count: 2
This is a computer generated bank statement and does not require a physical stamp.",bank_statement
"STATE RESERVE BANK
ACCOUNT STATEMENT - SAVINGS ACCOUNT
Branch: Metropolitan Central | IFSC: BKST000427
Account Holder Name: Robert Taylor
Account Number: 98764318357
Statement Period: 01/05/2025 to 31/05/2025
Currency: INR

Opening Balance: INR 14240.00
Total Deposits / Credits: INR 3009.00
Total Withdrawals / Debits: INR 847.00
Closing Available Balance: INR 16402.00

Recent Transactions:
05/05/2025 | SALARY CREDIT NEFT | CR | 3009.00 | Bal: 17249.00
12/05/2025 | ATM CASH WITHDRAWAL | DR | 847.00 | Bal: 16402.00

Total Transaction Count: 2
This is a computer generated bank statement and does not require a physical stamp.",bank_statement
"METROPOLITAN TRUST BANK
ACCOUNT STATEMENT - SAVINGS ACCOUNT
Branch: Metropolitan Central | IFSC: BKST000761
Account Holder Name: Michael Chang
Account Number: 98766099806
Statement Period: 01/05/2025 to 31/05/2025
Currency: INR

Opening Balance: INR 11742.00
Total Deposits / Credits: INR 3072.00
Total Withdrawals / Debits: INR 1870.00
Closing Available Balance: INR 12944.00

Recent Transactions:
05/05/2025 | SALARY CREDIT NEFT | CR | 3072.00 | Bal: 14814.00
12/05/2025 | ATM CASH WITHDRAWAL | DR | 1870.00 | Bal: 12944.00

Total Transaction Count: 2
This is a computer generated bank statement and does not require a physical stamp.",bank_statement
"APEX FEDERAL CREDIT UNION
ACCOUNT STATEMENT - SAVINGS ACCOUNT
Branch: Metropolitan Central | IFSC: BKST000748
Account Holder Name: Sophia Patel
Account Number: 98771329130
Statement Period: 01/05/2025 to 31/05/2025
Currency: INR

Opening Balance: INR 19746.00
Total Deposits / Credits: INR 2015.00
Total Withdrawals / Debits: INR 1141.00
Closing Available Balance: INR 20620.00

Recent Transactions:
05/05/2025 | SALARY CREDIT NEFT | CR | 2015.00 | Bal: 21761.00
12/05/2025 | ATM CASH WITHDRAWAL | DR | 1141.00 | Bal: 20620.00

Total Transaction Count: 2
This is a computer generated bank statement and does not require a physical stamp.",bank_statement
"HORIZON GLOBAL BANK
ACCOUNT STATEMENT - SAVINGS ACCOUNT
Branch: Metropolitan Central | IFSC: BKST000752
Account Holder Name: David Miller
Account Number: 98745179380
Statement Period: 01/05/2025 to 31/05/2025
Currency: INR

Opening Balance: INR 11699.00
Total Deposits / Credits: INR 1346.00
Total Withdrawals / Debits: INR 1454.00
Closing Available Balance: INR 11591.00

Recent Transactions:
05/05/2025 | SALARY CREDIT NEFT | CR | 1346.00 | Bal: 13045.00
12/05/2025 | ATM CASH WITHDRAWAL | DR | 1454.00 | Bal: 11591.00

Total Transaction Count: 2
This is a computer generated bank statement and does not require a physical stamp.",bank_statement
"NATIONAL COMMERCIAL BANK
ACCOUNT STATEMENT - SAVINGS ACCOUNT
Branch: Metropolitan Central | IFSC: BKST000615
Account Holder Name: Sophia Patel
Account Number: 98765530467
Statement Period: 01/05/2025 to 31/05/2025
Currency: INR

Opening Balance: INR 15224.00
Total Deposits / Credits: INR 2814.00
Total Withdrawals / Debits: INR 781.00
Closing Available Balance: INR 17257.00

Recent Transactions:
05/05/2025 | SALARY CREDIT NEFT | CR | 2814.00 | Bal: 18038.00
12/05/2025 | ATM CASH WITHDRAWAL | DR | 781.00 | Bal: 17257.00

Total Transaction Count: 2
This is a computer generated bank statement and does not require a physical stamp.",bank_statement
"STATE RESERVE BANK
ACCOUNT STATEMENT - SAVINGS ACCOUNT
Branch: Metropolitan Central | IFSC: BKST000199
Account Holder Name: Aarav Sharma
Account Number: 98731710369
Statement Period: 01/05/2025 to 31/05/2025
Currency: INR

Opening Balance: INR 18087.00
Total Deposits / Credits: INR 4602.00
Total Withdrawals / Debits: INR 804.00
Closing Available Balance: INR 21885.00

Recent Transactions:
05/05/2025 | SALARY CREDIT NEFT | CR | 4602.00 | Bal: 22689.00
12/05/2025 | ATM CASH WITHDRAWAL | DR | 804.00 | Bal: 21885.00

Total Transaction Count: 2
This is a computer generated bank statement and does not require a physical stamp.",bank_statement
"HORIZON GLOBAL BANK
ACCOUNT STATEMENT - SAVINGS ACCOUNT
Branch: Metropolitan Central | IFSC: BKST000452
Account Holder Name: Robert Taylor
Account Number: 98734466051
Statement Period: 01/05/2025 to 31/05/2025
Currency: INR

Opening Balance: INR 14869.00
Total Deposits / Credits: INR 1405.00
Total Withdrawals / Debits: INR 2279.00
Closing Available Balance: INR 13995.00

Recent Transactions:
05/05/2025 | SALARY CREDIT NEFT | CR | 1405.00 | Bal: 16274.00
12/05/2025 | ATM CASH WITHDRAWAL | DR | 2279.00 | Bal: 13995.00

Total Transaction Count: 2
This is a computer generated bank statement and does not require a physical stamp.",bank_statement
"HORIZON GLOBAL BANK
ACCOUNT STATEMENT - SAVINGS ACCOUNT
Branch: Metropolitan Central | IFSC: BKST000658
Account Holder Name: Fatima Al-Mansoor
Account Number: 98759397181
Statement Period: 01/05/2025 to 31/05/2025
Currency: INR

Opening Balance: INR 12131.00
Total Deposits / Credits: INR 4113.00
Total Withdrawals / Debits: INR 2615.00
Closing Available Balance: INR 13629.00

Recent Transactions:
05/05/2025 | SALARY CREDIT NEFT | CR | 4113.00 | Bal: 16244.00
12/05/2025 | ATM CASH WITHDRAWAL | DR | 2615.00 | Bal: 13629.00

Total Transaction Count: 2
This is a computer generated bank statement and does not require a physical stamp.",bank_statement
"METROPOLITAN TRUST BANK
ACCOUNT STATEMENT - SAVINGS ACCOUNT
Branch: Metropolitan Central | IFSC: BKST000583
Account Holder Name: Michael Chang
Account Number: 98724387863
Statement Period: 01/05/2025 to 31/05/2025
Currency: INR

Opening Balance: INR 13845.00
Total Deposits / Credits: INR 2883.00
Total Withdrawals / Debits: INR 2028.00
Closing Available Balance: INR 14700.00

Recent Transactions:
05/05/2025 | SALARY CREDIT NEFT | CR | 2883.00 | Bal: 16728.00
12/05/2025 | ATM CASH WITHDRAWAL | DR | 2028.00 | Bal: 14700.00

Total Transaction Count: 2
This is a computer generated bank statement and does not require a physical stamp.",bank_statement
"STATE RESERVE BANK
ACCOUNT STATEMENT - SAVINGS ACCOUNT
Branch: Metropolitan Central | IFSC: BKST000513
Account Holder Name: Priya Nair
Account Number: 98719241078
Statement Period: 01/05/2025 to 31/05/2025
Currency: INR

Opening Balance: INR 7386.00
Total Deposits / Credits: INR 3034.00
Total Withdrawals / Debits: INR 2416.00
Closing Available Balance: INR 8004.00

Recent Transactions:
05/05/2025 | SALARY CREDIT NEFT | CR | 3034.00 | Bal: 10420.00
12/05/2025 | ATM CASH WITHDRAWAL | DR | 2416.00 | Bal: 8004.00

Total Transaction Count: 2
This is a computer generated bank statement and does not require a physical stamp.",bank_statement
"STANDARD CHARTERED TRUST
ACCOUNT STATEMENT - SAVINGS ACCOUNT
Branch: Metropolitan Central | IFSC: BKST000411
Account Holder Name: Aarav Sharma
Account Number: 98788245741
Statement Period: 01/05/2025 to 31/05/2025
Currency: INR

Opening Balance: INR 7337.00
Total Deposits / Credits: INR 1194.00
Total Withdrawals / Debits: INR 1401.00
Closing Available Balance: INR 7130.00

Recent Transactions:
05/05/2025 | SALARY CREDIT NEFT | CR | 1194.00 | Bal: 8531.00
12/05/2025 | ATM CASH WITHDRAWAL | DR | 1401.00 | Bal: 7130.00

Total Transaction Count: 2
This is a computer generated bank statement and does not require a physical stamp.",bank_statement
"STATE RESERVE BANK
ACCOUNT STATEMENT - SAVINGS ACCOUNT
Branch: Metropolitan Central | IFSC: BKST000177
Account Holder Name: Johnathan Davis
Account Number: 98771694176
Statement Period: 01/05/2025 to 31/05/2025
Currency: INR

Opening Balance: INR 10352.00
Total Deposits / Credits: INR 1484.00
Total Withdrawals / Debits: INR 1914.00
Closing Available Balance: INR 9922.00

Recent Transactions:
05/05/2025 | SALARY CREDIT NEFT | CR | 1484.00 | Bal: 11836.00
12/05/2025 | ATM CASH WITHDRAWAL | DR | 1914.00 | Bal: 9922.00

Total Transaction Count: 2
This is a computer generated bank statement and does not require a physical stamp.",bank_statement
"STATE RESERVE BANK
ACCOUNT STATEMENT - SAVINGS ACCOUNT
Branch: Metropolitan Central | IFSC: BKST000579
Account Holder Name: Elena Rostova
Account Number: 98777802704
Statement Period: 01/05/2025 to 31/05/2025
Currency: INR

Opening Balance: INR 7084.00
Total Deposits / Credits: INR 3222.00
Total Withdrawals / Debits: INR 2366.00
Closing Available Balance: INR 7940.00

Recent Transactions:
05/05/2025 | SALARY CREDIT NEFT | CR | 3222.00 | Bal: 10306.00
12/05/2025 | ATM CASH WITHDRAWAL | DR | 2366.00 | Bal: 7940.00

Total Transaction Count: 2
This is a computer generated bank statement and does not require a physical stamp.",bank_statement
"STANDARD CHARTERED TRUST
ACCOUNT STATEMENT - SAVINGS ACCOUNT
Branch: Metropolitan Central | IFSC: BKST000420
Account Holder Name: Johnathan Davis
Account Number: 98763134800
Statement Period: 01/05/2025 to 31/05/2025
Currency: INR

Opening Balance: INR 18389.00
Total Deposits / Credits: INR 2541.00
Total Withdrawals / Debits: INR 2714.00
Closing Available Balance: INR 18216.00

Recent Transactions:
05/05/2025 | SALARY CREDIT NEFT | CR | 2541.00 | Bal: 20930.00
12/05/2025 | ATM CASH WITHDRAWAL | DR | 2714.00 | Bal: 18216.00

Total Transaction Count: 2
This is a computer generated bank statement and does not require a physical stamp.",bank_statement
"HORIZON GLOBAL BANK
ACCOUNT STATEMENT - SAVINGS ACCOUNT
Branch: Metropolitan Central | IFSC: BKST000840
Account Holder Name: Robert Taylor
Account Number: 98731432979
Statement Period: 01/05/2025 to 31/05/2025
Currency: INR

Opening Balance: INR 6263.00
Total Deposits / Credits: INR 2071.00
Total Withdrawals / Debits: INR 1016.00
Closing Available Balance: INR 7318.00

Recent Transactions:
05/05/2025 | SALARY CREDIT NEFT | CR | 2071.00 | Bal: 8334.00
12/05/2025 | ATM CASH WITHDRAWAL | DR | 1016.00 | Bal: 7318.00

Total Transaction Count: 2
This is a computer generated bank statement and does not require a physical stamp.",bank_statement
"METROPOLITAN TRUST BANK
ACCOUNT STATEMENT - SAVINGS ACCOUNT
Branch: Metropolitan Central | IFSC: BKST000835
Account Holder Name: Sophia Patel
Account Number: 98789825798
Statement Period: 01/05/2025 to 31/05/2025
Currency: INR

Opening Balance: INR 9301.00
Total Deposits / Credits: INR 2237.00
Total Withdrawals / Debits: INR 2909.00
Closing Available Balance: INR 8629.00

Recent Transactions:
05/05/2025 | SALARY CREDIT NEFT | CR | 2237.00 | Bal: 11538.00
12/05/2025 | ATM CASH WITHDRAWAL | DR | 2909.00 | Bal: 8629.00

Total Transaction Count: 2
This is a computer generated bank statement and does not require a physical stamp.",bank_statement
"APEX FEDERAL CREDIT UNION
ACCOUNT STATEMENT - SAVINGS ACCOUNT
Branch: Metropolitan Central | IFSC: BKST000984
Account Holder Name: Michael Chang
Account Number: 98741260595
Statement Period: 01/05/2025 to 31/05/2025
Currency: INR

Opening Balance: INR 17763.00
Total Deposits / Credits: INR 1443.00
Total Withdrawals / Debits: INR 680.00
Closing Available Balance: INR 18526.00

Recent Transactions:
05/05/2025 | SALARY CREDIT NEFT | CR | 1443.00 | Bal: 19206.00
12/05/2025 | ATM CASH WITHDRAWAL | DR | 680.00 | Bal: 18526.00

Total Transaction Count: 2
This is a computer generated bank statement and does not require a physical stamp.",bank_statement
"METROPOLITAN TRUST BANK
ACCOUNT STATEMENT - SAVINGS ACCOUNT
Branch: Metropolitan Central | IFSC: BKST000749
Account Holder Name: Robert Taylor
Account Number: 98728953357
Statement Period: 01/05/2025 to 31/05/2025
Currency: INR

Opening Balance: INR 13642.00
Total Deposits / Credits: INR 3250.00
Total Withdrawals / Debits: INR 1423.00
Closing Available Balance: INR 15469.00

Recent Transactions:
05/05/2025 | SALARY CREDIT NEFT | CR | 3250.00 | Bal: 16892.00
12/05/2025 | ATM CASH WITHDRAWAL | DR | 1423.00 | Bal: 15469.00

Total Transaction Count: 2
This is a computer generated bank statement and does not require a physical stamp.",bank_statement
"METROPOLITAN TRUST BANK
ACCOUNT STATEMENT - SAVINGS ACCOUNT
Branch: Metropolitan Central | IFSC: BKST000951
Account Holder Name: Johnathan Davis
Account Number: 98742440780
Statement Period: 01/05/2025 to 31/05/2025
Currency: INR

Opening Balance: INR 15530.00
Total Deposits / Credits: INR 1007.00
Total Withdrawals / Debits: INR 1350.00
Closing Available Balance: INR 15187.00

Recent Transactions:
05/05/2025 | SALARY CREDIT NEFT | CR | 1007.00 | Bal: 16537.00
12/05/2025 | ATM CASH WITHDRAWAL | DR | 1350.00 | Bal: 15187.00

Total Transaction Count: 2
This is a computer generated bank statement and does not require a physical stamp.",bank_statement
"NATIONAL COMMERCIAL BANK
ACCOUNT STATEMENT - SAVINGS ACCOUNT
Branch: Metropolitan Central | IFSC: BKST000554
Account Holder Name: Aarav Sharma
Account Number: 98761374366
Statement Period: 01/05/2025 to 31/05/2025
Currency: INR

Opening Balance: INR 17616.00
Total Deposits / Credits: INR 4105.00
Total Withdrawals / Debits: INR 614.00
Closing Available Balance: INR 21107.00

Recent Transactions:
05/05/2025 | SALARY CREDIT NEFT | CR | 4105.00 | Bal: 21721.00
12/05/2025 | ATM CASH WITHDRAWAL | DR | 614.00 | Bal: 21107.00

Total Transaction Count: 2
This is a computer generated bank statement and does not require a physical stamp.",bank_statement
"NATIONAL COMMERCIAL BANK
ACCOUNT STATEMENT - SAVINGS ACCOUNT
Branch: Metropolitan Central | IFSC: BKST000158
Account Holder Name: David Miller
Account Number: 98789653951
Statement Period: 01/05/2025 to 31/05/2025
Currency: INR

Opening Balance: INR 14780.00
Total Deposits / Credits: INR 4287.00
Total Withdrawals / Debits: INR 637.00
Closing Available Balance: INR 18430.00

Recent Transactions:
05/05/2025 | SALARY CREDIT NEFT | CR | 4287.00 | Bal: 19067.00
12/05/2025 | ATM CASH WITHDRAWAL | DR | 637.00 | Bal: 18430.00

Total Transaction Count: 2
This is a computer generated bank statement and does not require a physical stamp.",bank_statement
"STANDARD CHARTERED TRUST
ACCOUNT STATEMENT - SAVINGS ACCOUNT
Branch: Metropolitan Central | IFSC: BKST000709
Account Holder Name: Fatima Al-Mansoor
Account Number: 98714870704
Statement Period: 01/05/2025 to 31/05/2025
Currency: INR

Opening Balance: INR 13607.00
Total Deposits / Credits: INR 2664.00
Total Withdrawals / Debits: INR 2209.00
Closing Available Balance: INR 14062.00

Recent Transactions:
05/05/2025 | SALARY CREDIT NEFT | CR | 2664.00 | Bal: 16271.00
12/05/2025 | ATM CASH WITHDRAWAL | DR | 2209.00 | Bal: 14062.00

Total Transaction Count: 2
This is a computer generated bank statement and does not require a physical stamp.",bank_statement
"METROPOLITAN TRUST BANK
ACCOUNT STATEMENT - SAVINGS ACCOUNT
Branch: Metropolitan Central | IFSC: BKST000314
Account Holder Name: Sophia Patel
Account Number: 98711406536
Statement Period: 01/05/2025 to 31/05/2025
Currency: INR

Opening Balance: INR 12569.00
Total Deposits / Credits: INR 1222.00
Total Withdrawals / Debits: INR 1832.00
Closing Available Balance: INR 11959.00

Recent Transactions:
05/05/2025 | SALARY CREDIT NEFT | CR | 1222.00 | Bal: 13791.00
12/05/2025 | ATM CASH WITHDRAWAL | DR | 1832.00 | Bal: 11959.00

Total Transaction Count: 2
This is a computer generated bank statement and does not require a physical stamp.",bank_statement
"NATIONAL COMMERCIAL BANK
ACCOUNT STATEMENT - SAVINGS ACCOUNT
Branch: Metropolitan Central | IFSC: BKST000423
Account Holder Name: Priya Nair
Account Number: 98786448347
Statement Period: 01/05/2025 to 31/05/2025
Currency: INR

Opening Balance: INR 10336.00
Total Deposits / Credits: INR 1422.00
Total Withdrawals / Debits: INR 2618.00
Closing Available Balance: INR 9140.00

Recent Transactions:
05/05/2025 | SALARY CREDIT NEFT | CR | 1422.00 | Bal: 11758.00
12/05/2025 | ATM CASH WITHDRAWAL | DR | 2618.00 | Bal: 9140.00

Total Transaction Count: 2
This is a computer generated bank statement and does not require a physical stamp.",bank_statement
"NATIONAL COMMERCIAL BANK
ACCOUNT STATEMENT - SAVINGS ACCOUNT
Branch: Metropolitan Central | IFSC: BKST000996
Account Holder Name: Robert Taylor
Account Number: 98738792427
Statement Period: 01/05/2025 to 31/05/2025
Currency: INR

Opening Balance: INR 11669.00
Total Deposits / Credits: INR 1570.00
Total Withdrawals / Debits: INR 2607.00
Closing Available Balance: INR 10632.00

Recent Transactions:
05/05/2025 | SALARY CREDIT NEFT | CR | 1570.00 | Bal: 13239.00
12/05/2025 | ATM CASH WITHDRAWAL | DR | 2607.00 | Bal: 10632.00

Total Transaction Count: 2
This is a computer generated bank statement and does not require a physical stamp.",bank_statement
"HORIZON GLOBAL BANK
ACCOUNT STATEMENT - SAVINGS ACCOUNT
Branch: Metropolitan Central | IFSC: BKST000760
Account Holder Name: Johnathan Davis
Account Number: 98792068356
Statement Period: 01/05/2025 to 31/05/2025
Currency: INR

Opening Balance: INR 12155.00
Total Deposits / Credits: INR 3011.00
Total Withdrawals / Debits: INR 1234.00
Closing Available Balance: INR 13932.00

Recent Transactions:
05/05/2025 | SALARY CREDIT NEFT | CR | 3011.00 | Bal: 15166.00
12/05/2025 | ATM CASH WITHDRAWAL | DR | 1234.00 | Bal: 13932.00

Total Transaction Count: 2
This is a computer generated bank statement and does not require a physical stamp.",bank_statement
"METROPOLITAN TRUST BANK
ACCOUNT STATEMENT - SAVINGS ACCOUNT
Branch: Metropolitan Central | IFSC: BKST000642
Account Holder Name: Johnathan Davis
Account Number: 98716566416
Statement Period: 01/05/2025 to 31/05/2025
Currency: INR

Opening Balance: INR 10010.00
Total Deposits / Credits: INR 1746.00
Total Withdrawals / Debits: INR 1152.00
Closing Available Balance: INR 10604.00

Recent Transactions:
05/05/2025 | SALARY CREDIT NEFT | CR | 1746.00 | Bal: 11756.00
12/05/2025 | ATM CASH WITHDRAWAL | DR | 1152.00 | Bal: 10604.00

Total Transaction Count: 2
This is a computer generated bank statement and does not require a physical stamp.",bank_statement
"STATE RESERVE BANK
ACCOUNT STATEMENT - SAVINGS ACCOUNT
Branch: Metropolitan Central | IFSC: BKST000458
Account Holder Name: Robert Taylor
Account Number: 98778416637
Statement Period: 01/05/2025 to 31/05/2025
Currency: INR

Opening Balance: INR 13817.00
Total Deposits / Credits: INR 3528.00
Total Withdrawals / Debits: INR 2273.00
Closing Available Balance: INR 15072.00

Recent Transactions:
05/05/2025 | SALARY CREDIT NEFT | CR | 3528.00 | Bal: 17345.00
12/05/2025 | ATM CASH WITHDRAWAL | DR | 2273.00 | Bal: 15072.00

Total Transaction Count: 2
This is a computer generated bank statement and does not require a physical stamp.",bank_statement
"APEX FEDERAL CREDIT UNION
ACCOUNT STATEMENT - SAVINGS ACCOUNT
Branch: Metropolitan Central | IFSC: BKST000424
Account Holder Name: Priya Nair
Account Number: 98757748835
Statement Period: 01/05/2025 to 31/05/2025
Currency: INR

Opening Balance: INR 18870.00
Total Deposits / Credits: INR 3591.00
Total Withdrawals / Debits: INR 2338.00
Closing Available Balance: INR 20123.00

Recent Transactions:
05/05/2025 | SALARY CREDIT NEFT | CR | 3591.00 | Bal: 22461.00
12/05/2025 | ATM CASH WITHDRAWAL | DR | 2338.00 | Bal: 20123.00

Total Transaction Count: 2
This is a computer generated bank statement and does not require a physical stamp.",bank_statement
"NATIONAL COMMERCIAL BANK
ACCOUNT STATEMENT - SAVINGS ACCOUNT
Branch: Metropolitan Central | IFSC: BKST000455
Account Holder Name: Fatima Al-Mansoor
Account Number: 98746680584
Statement Period: 01/05/2025 to 31/05/2025
Currency: INR

Opening Balance: INR 11859.00
Total Deposits / Credits: INR 1827.00
Total Withdrawals / Debits: INR 2390.00
Closing Available Balance: INR 11296.00

Recent Transactions:
05/05/2025 | SALARY CREDIT NEFT | CR | 1827.00 | Bal: 13686.00
12/05/2025 | ATM CASH WITHDRAWAL | DR | 2390.00 | Bal: 11296.00

Total Transaction Count: 2
This is a computer generated bank statement and does not require a physical stamp.",bank_statement
"HORIZON GLOBAL BANK
ACCOUNT STATEMENT - SAVINGS ACCOUNT
Branch: Metropolitan Central | IFSC: BKST000237
Account Holder Name: Fatima Al-Mansoor
Account Number: 98742656769
Statement Period: 01/05/2025 to 31/05/2025
Currency: INR

Opening Balance: INR 6384.00
Total Deposits / Credits: INR 1046.00
Total Withdrawals / Debits: INR 2785.00
Closing Available Balance: INR 4645.00

Recent Transactions:
05/05/2025 | SALARY CREDIT NEFT | CR | 1046.00 | Bal: 7430.00
12/05/2025 | ATM CASH WITHDRAWAL | DR | 2785.00 | Bal: 4645.00

Total Transaction Count: 2
This is a computer generated bank statement and does not require a physical stamp.",bank_statement
"STANDARD CHARTERED TRUST
ACCOUNT STATEMENT - SAVINGS ACCOUNT
Branch: Metropolitan Central | IFSC: BKST000485
Account Holder Name: Aarav Sharma
Account Number: 98744795786
Statement Period: 01/05/2025 to 31/05/2025
Currency: INR

Opening Balance: INR 18502.00
Total Deposits / Credits: INR 1529.00
Total Withdrawals / Debits: INR 1363.00
Closing Available Balance: INR 18668.00

Recent Transactions:
05/05/2025 | SALARY CREDIT NEFT | CR | 1529.00 | Bal: 20031.00
12/05/2025 | ATM CASH WITHDRAWAL | DR | 1363.00 | Bal: 18668.00

Total Transaction Count: 2
This is a computer generated bank statement and does not require a physical stamp.",bank_statement
"NATIONAL COMMERCIAL BANK
ACCOUNT STATEMENT - SAVINGS ACCOUNT
Branch: Metropolitan Central | IFSC: BKST000136
Account Holder Name: Michael Chang
Account Number: 98783942361
Statement Period: 01/05/2025 to 31/05/2025
Currency: INR

Opening Balance: INR 9548.00
Total Deposits / Credits: INR 1633.00
Total Withdrawals / Debits: INR 1648.00
Closing Available Balance: INR 9533.00

Recent Transactions:
05/05/2025 | SALARY CREDIT NEFT | CR | 1633.00 | Bal: 11181.00
12/05/2025 | ATM CASH WITHDRAWAL | DR | 1648.00 | Bal: 9533.00

Total Transaction Count: 2
This is a computer generated bank statement and does not require a physical stamp.",bank_statement
"APEX FEDERAL CREDIT UNION
ACCOUNT STATEMENT - SAVINGS ACCOUNT
Branch: Metropolitan Central | IFSC: BKST000330
Account Holder Name: David Miller
Account Number: 98713566892
Statement Period: 01/05/2025 to 31/05/2025
Currency: INR

Opening Balance: INR 17173.00
Total Deposits / Credits: INR 4913.00
Total Withdrawals / Debits: INR 2536.00
Closing Available Balance: INR 19550.00

Recent Transactions:
05/05/2025 | SALARY CREDIT NEFT | CR | 4913.00 | Bal: 22086.00
12/05/2025 | ATM CASH WITHDRAWAL | DR | 2536.00 | Bal: 19550.00

Total Transaction Count: 2
This is a computer generated bank statement and does not require a physical stamp.",bank_statement
"STANDARD CHARTERED TRUST
ACCOUNT STATEMENT - SAVINGS ACCOUNT
Branch: Metropolitan Central | IFSC: BKST000836
Account Holder Name: Michael Chang
Account Number: 98779700210
Statement Period: 01/05/2025 to 31/05/2025
Currency: INR

Opening Balance: INR 19277.00
Total Deposits / Credits: INR 3262.00
Total Withdrawals / Debits: INR 696.00
Closing Available Balance: INR 21843.00

Recent Transactions:
05/05/2025 | SALARY CREDIT NEFT | CR | 3262.00 | Bal: 22539.00
12/05/2025 | ATM CASH WITHDRAWAL | DR | 696.00 | Bal: 21843.00

Total Transaction Count: 2
This is a computer generated bank statement and does not require a physical stamp.",bank_statement
"HORIZON GLOBAL BANK
ACCOUNT STATEMENT - SAVINGS ACCOUNT
Branch: Metropolitan Central | IFSC: BKST000368
Account Holder Name: Michael Chang
Account Number: 98766150262
Statement Period: 01/05/2025 to 31/05/2025
Currency: INR

Opening Balance: INR 18159.00
Total Deposits / Credits: INR 2406.00
Total Withdrawals / Debits: INR 873.00
Closing Available Balance: INR 19692.00

Recent Transactions:
05/05/2025 | SALARY CREDIT NEFT | CR | 2406.00 | Bal: 20565.00
12/05/2025 | ATM CASH WITHDRAWAL | DR | 873.00 | Bal: 19692.00

Total Transaction Count: 2
This is a computer generated bank statement and does not require a physical stamp.",bank_statement
"STATE RESERVE BANK
ACCOUNT STATEMENT - SAVINGS ACCOUNT
Branch: Metropolitan Central | IFSC: BKST000346
Account Holder Name: Sophia Patel
Account Number: 98719995950
Statement Period: 01/05/2025 to 31/05/2025
Currency: INR

Opening Balance: INR 12637.00
Total Deposits / Credits: INR 1042.00
Total Withdrawals / Debits: INR 1396.00
Closing Available Balance: INR 12283.00

Recent Transactions:
05/05/2025 | SALARY CREDIT NEFT | CR | 1042.00 | Bal: 13679.00
12/05/2025 | ATM CASH WITHDRAWAL | DR | 1396.00 | Bal: 12283.00

Total Transaction Count: 2
This is a computer generated bank statement and does not require a physical stamp.",bank_statement
"STANDARD CHARTERED TRUST
ACCOUNT STATEMENT - SAVINGS ACCOUNT
Branch: Metropolitan Central | IFSC: BKST000873
Account Holder Name: Robert Taylor
Account Number: 98769147402
Statement Period: 01/05/2025 to 31/05/2025
Currency: INR

Opening Balance: INR 18495.00
Total Deposits / Credits: INR 1609.00
Total Withdrawals / Debits: INR 1458.00
Closing Available Balance: INR 18646.00

Recent Transactions:
05/05/2025 | SALARY CREDIT NEFT | CR | 1609.00 | Bal: 20104.00
12/05/2025 | ATM CASH WITHDRAWAL | DR | 1458.00 | Bal: 18646.00

Total Transaction Count: 2
This is a computer generated bank statement and does not require a physical stamp.",bank_statement
"NATIONAL COMMERCIAL BANK
ACCOUNT STATEMENT - SAVINGS ACCOUNT
Branch: Metropolitan Central | IFSC: BKST000614
Account Holder Name: Priya Nair
Account Number: 98735990800
Statement Period: 01/05/2025 to 31/05/2025
Currency: INR

Opening Balance: INR 13104.00
Total Deposits / Credits: INR 2978.00
Total Withdrawals / Debits: INR 1978.00
Closing Available Balance: INR 14104.00

Recent Transactions:
05/05/2025 | SALARY CREDIT NEFT | CR | 2978.00 | Bal: 16082.00
12/05/2025 | ATM CASH WITHDRAWAL | DR | 1978.00 | Bal: 14104.00

Total Transaction Count: 2
This is a computer generated bank statement and does not require a physical stamp.",bank_statement
"STANDARD CHARTERED TRUST
ACCOUNT STATEMENT - SAVINGS ACCOUNT
Branch: Metropolitan Central | IFSC: BKST000100
Account Holder Name: Johnathan Davis
Account Number: 98799830678
Statement Period: 01/05/2025 to 31/05/2025
Currency: INR

Opening Balance: INR 15830.00
Total Deposits / Credits: INR 4537.00
Total Withdrawals / Debits: INR 1100.00
Closing Available Balance: INR 19267.00

Recent Transactions:
05/05/2025 | SALARY CREDIT NEFT | CR | 4537.00 | Bal: 20367.00
12/05/2025 | ATM CASH WITHDRAWAL | DR | 1100.00 | Bal: 19267.00

Total Transaction Count: 2
This is a computer generated bank statement and does not require a physical stamp.",bank_statement
"NATIONAL COMMERCIAL BANK
ACCOUNT STATEMENT - SAVINGS ACCOUNT
Branch: Metropolitan Central | IFSC: BKST000120
Account Holder Name: Michael Chang
Account Number: 98774287512
Statement Period: 01/05/2025 to 31/05/2025
Currency: INR

Opening Balance: INR 7347.00
Total Deposits / Credits: INR 4719.00
Total Withdrawals / Debits: INR 1545.00
Closing Available Balance: INR 10521.00

Recent Transactions:
05/05/2025 | SALARY CREDIT NEFT | CR | 4719.00 | Bal: 12066.00
12/05/2025 | ATM CASH WITHDRAWAL | DR | 1545.00 | Bal: 10521.00

Total Transaction Count: 2
This is a computer generated bank statement and does not require a physical stamp.",bank_statement
"APEX FEDERAL CREDIT UNION
ACCOUNT STATEMENT - SAVINGS ACCOUNT
Branch: Metropolitan Central | IFSC: BKST000622
Account Holder Name: Sophia Patel
Account Number: 98767872116
Statement Period: 01/05/2025 to 31/05/2025
Currency: INR

Opening Balance: INR 9992.00
Total Deposits / Credits: INR 4475.00
Total Withdrawals / Debits: INR 988.00
Closing Available Balance: INR 13479.00

Recent Transactions:
05/05/2025 | SALARY CREDIT NEFT | CR | 4475.00 | Bal: 14467.00
12/05/2025 | ATM CASH WITHDRAWAL | DR | 988.00 | Bal: 13479.00

Total Transaction Count: 2
This is a computer generated bank statement and does not require a physical stamp.",bank_statement
"NATIONAL COMMERCIAL BANK
ACCOUNT STATEMENT - SAVINGS ACCOUNT
Branch: Metropolitan Central | IFSC: BKST000436
Account Holder Name: David Miller
Account Number: 98766949364
Statement Period: 01/05/2025 to 31/05/2025
Currency: INR

Opening Balance: INR 13742.00
Total Deposits / Credits: INR 2431.00
Total Withdrawals / Debits: INR 554.00
Closing Available Balance: INR 15619.00

Recent Transactions:
05/05/2025 | SALARY CREDIT NEFT | CR | 2431.00 | Bal: 16173.00
12/05/2025 | ATM CASH WITHDRAWAL | DR | 554.00 | Bal: 15619.00

Total Transaction Count: 2
This is a computer generated bank statement and does not require a physical stamp.",bank_statement
"HORIZON GLOBAL BANK
ACCOUNT STATEMENT - SAVINGS ACCOUNT
Branch: Metropolitan Central | IFSC: BKST000526
Account Holder Name: Fatima Al-Mansoor
Account Number: 98751713811
Statement Period: 01/05/2025 to 31/05/2025
Currency: INR

Opening Balance: INR 13513.00
Total Deposits / Credits: INR 3718.00
Total Withdrawals / Debits: INR 2353.00
Closing Available Balance: INR 14878.00

Recent Transactions:
05/05/2025 | SALARY CREDIT NEFT | CR | 3718.00 | Bal: 17231.00
12/05/2025 | ATM CASH WITHDRAWAL | DR | 2353.00 | Bal: 14878.00

Total Transaction Count: 2
This is a computer generated bank statement and does not require a physical stamp.",bank_statement
"APEX FEDERAL CREDIT UNION
ACCOUNT STATEMENT - SAVINGS ACCOUNT
Branch: Metropolitan Central | IFSC: BKST000351
Account Holder Name: Michael Chang
Account Number: 98796426516
Statement Period: 01/05/2025 to 31/05/2025
Currency: INR

Opening Balance: INR 15742.00
Total Deposits / Credits: INR 3854.00
Total Withdrawals / Debits: INR 2046.00
Closing Available Balance: INR 17550.00

Recent Transactions:
05/05/2025 | SALARY CREDIT NEFT | CR | 3854.00 | Bal: 19596.00
12/05/2025 | ATM CASH WITHDRAWAL | DR | 2046.00 | Bal: 17550.00

Total Transaction Count: 2
This is a computer generated bank statement and does not require a physical stamp.",bank_statement
"NATIONAL COMMERCIAL BANK
ACCOUNT STATEMENT - SAVINGS ACCOUNT
Branch: Metropolitan Central | IFSC: BKST000845
Account Holder Name: Michael Chang
Account Number: 98724135485
Statement Period: 01/05/2025 to 31/05/2025
Currency: INR

Opening Balance: INR 7926.00
Total Deposits / Credits: INR 1933.00
Total Withdrawals / Debits: INR 2372.00
Closing Available Balance: INR 7487.00

Recent Transactions:
05/05/2025 | SALARY CREDIT NEFT | CR | 1933.00 | Bal: 9859.00
12/05/2025 | ATM CASH WITHDRAWAL | DR | 2372.00 | Bal: 7487.00

Total Transaction Count: 2
This is a computer generated bank statement and does not require a physical stamp.",bank_statement
"APEX FEDERAL CREDIT UNION
ACCOUNT STATEMENT - SAVINGS ACCOUNT
Branch: Metropolitan Central | IFSC: BKST000496
Account Holder Name: Sophia Patel
Account Number: 98774094444
Statement Period: 01/05/2025 to 31/05/2025
Currency: INR

Opening Balance: INR 16757.00
Total Deposits / Credits: INR 1665.00
Total Withdrawals / Debits: INR 2686.00
Closing Available Balance: INR 15736.00

Recent Transactions:
05/05/2025 | SALARY CREDIT NEFT | CR | 1665.00 | Bal: 18422.00
12/05/2025 | ATM CASH WITHDRAWAL | DR | 2686.00 | Bal: 15736.00

Total Transaction Count: 2
This is a computer generated bank statement and does not require a physical stamp.",bank_statement
"APEX FEDERAL CREDIT UNION
ACCOUNT STATEMENT - SAVINGS ACCOUNT
Branch: Metropolitan Central | IFSC: BKST000865
Account Holder Name: Aarav Sharma
Account Number: 98778699206
Statement Period: 01/05/2025 to 31/05/2025
Currency: INR

Opening Balance: INR 15277.00
Total Deposits / Credits: INR 2575.00
Total Withdrawals / Debits: INR 897.00
Closing Available Balance: INR 16955.00

Recent Transactions:
05/05/2025 | SALARY CREDIT NEFT | CR | 2575.00 | Bal: 17852.00
12/05/2025 | ATM CASH WITHDRAWAL | DR | 897.00 | Bal: 16955.00

Total Transaction Count: 2
This is a computer generated bank statement and does not require a physical stamp.",bank_statement
"NATIONAL INSTITUTE OF TECHNOLOGY
PROVISIONAL DEGREE CERTIFICATE & CONVOCATION RECORD

This is to certify that
Elena Rostova
Roll Number / Registration No: REG-219823
has successfully completed the prescribed curriculum and passed the examination for the award of:
Bachelor of Science in Data Analytics
with First Class Distinction.

Certificate Serial Number: CERT-2025-24257
Date of Issue: 01/05/2024
Issued under the seal of the Academic Senate and Controller of Examinations.",certificate
"METROPOLITAN INSTITUTE OF TECHNOLOGY
PROVISIONAL DEGREE CERTIFICATE & CONVOCATION RECORD

This is to certify that
David Miller
Roll Number / Registration No: REG-933539
has successfully completed the prescribed curriculum and passed the examination for the award of:
Bachelor of Business Administration
with First Class Distinction.

Certificate Serial Number: CERT-2023-43406
Date of Issue: 19/06/2024
Issued under the seal of the Academic Senate and Controller of Examinations.",certificate
"NATIONAL INSTITUTE OF TECHNOLOGY
PROVISIONAL DEGREE CERTIFICATE & CONVOCATION RECORD

This is to certify that
David Miller
Roll Number / Registration No: REG-902157
has successfully completed the prescribed curriculum and passed the examination for the award of:
Master of Science in Artificial Intelligence
with First Class Distinction.

Certificate Serial Number: CERT-2020-70947
Date of Issue: 24/05/2024
Issued under the seal of the Academic Senate and Controller of Examinations.",certificate
"CAMBRIDGE GLOBAL UNIVERSITY
PROVISIONAL DEGREE CERTIFICATE & CONVOCATION RECORD

This is to certify that
Aarav Sharma
Roll Number / Registration No: REG-251680
has successfully completed the prescribed curriculum and passed the examination for the award of:
Bachelor of Science in Data Analytics
with First Class Distinction.

Certificate Serial Number: CERT-2020-36643
Date of Issue: 13/06/2024
Issued under the seal of the Academic Senate and Controller of Examinations.",certificate
"APEX UNIVERSITY OF ENGINEERING & SCIENCES
PROVISIONAL DEGREE CERTIFICATE & CONVOCATION RECORD

This is to certify that
Michael Chang
Roll Number / Registration No: REG-293865
has successfully completed the prescribed curriculum and passed the examination for the award of:
Bachelor of Business Administration
with First Class Distinction.

Certificate Serial Number: CERT-2022-67098
Date of Issue: 10/05/2024
Issued under the seal of the Academic Senate and Controller of Examinations.",certificate
"STANFORD ACADEMIC UNIVERSITY
PROVISIONAL DEGREE CERTIFICATE & CONVOCATION RECORD

This is to certify that
Michael Chang
Roll Number / Registration No: REG-137602
has successfully completed the prescribed curriculum and passed the examination for the award of:
Master of Science in Artificial Intelligence
with First Class Distinction.

Certificate Serial Number: CERT-2024-83022
Date of Issue: 10/05/2024
Issued under the seal of the Academic Senate and Controller of Examinations.",certificate
"METROPOLITAN INSTITUTE OF TECHNOLOGY
PROVISIONAL DEGREE CERTIFICATE & CONVOCATION RECORD

This is to certify that
Michael Chang
Roll Number / Registration No: REG-608946
has successfully completed the prescribed curriculum and passed the examination for the award of:
Bachelor of Business Administration
with First Class Distinction.

Certificate Serial Number: CERT-2021-88303
Date of Issue: 15/06/2024
Issued under the seal of the Academic Senate and Controller of Examinations.",certificate
"APEX UNIVERSITY OF ENGINEERING & SCIENCES
PROVISIONAL DEGREE CERTIFICATE & CONVOCATION RECORD

This is to certify that
Fatima Al-Mansoor
Roll Number / Registration No: REG-786181
has successfully completed the prescribed curriculum and passed the examination for the award of:
Bachelor of Science in Data Analytics
with First Class Distinction.

Certificate Serial Number: CERT-2023-82768
Date of Issue: 05/05/2024
Issued under the seal of the Academic Senate and Controller of Examinations.",certificate
"CITY COLLEGE OF APPLIED ARTS
PROVISIONAL DEGREE CERTIFICATE & CONVOCATION RECORD

This is to certify that
Johnathan Davis
Roll Number / Registration No: REG-805208
has successfully completed the prescribed curriculum and passed the examination for the award of:
Postgraduate Diploma in Cybersecurity
with First Class Distinction.

Certificate Serial Number: CERT-2024-34273
Date of Issue: 11/07/2024
Issued under the seal of the Academic Senate and Controller of Examinations.",certificate
"CITY COLLEGE OF APPLIED ARTS
PROVISIONAL DEGREE CERTIFICATE & CONVOCATION RECORD

This is to certify that
Priya Nair
Roll Number / Registration No: REG-509387
has successfully completed the prescribed curriculum and passed the examination for the award of:
Postgraduate Diploma in Cybersecurity
with First Class Distinction.

Certificate Serial Number: CERT-2024-18257
Date of Issue: 05/05/2024
Issued under the seal of the Academic Senate and Controller of Examinations.",certificate
"APEX UNIVERSITY OF ENGINEERING & SCIENCES
PROVISIONAL DEGREE CERTIFICATE & CONVOCATION RECORD

This is to certify that
Priya Nair
Roll Number / Registration No: REG-924916
has successfully completed the prescribed curriculum and passed the examination for the award of:
Bachelor of Technology in Computer Science
with First Class Distinction.

Certificate Serial Number: CERT-2025-29976
Date of Issue: 27/06/2024
Issued under the seal of the Academic Senate and Controller of Examinations.",certificate
"CAMBRIDGE GLOBAL UNIVERSITY
PROVISIONAL DEGREE CERTIFICATE & CONVOCATION RECORD

This is to certify that
Sophia Patel
Roll Number / Registration No: REG-342081
has successfully completed the prescribed curriculum and passed the examination for the award of:
Postgraduate Diploma in Cybersecurity
with First Class Distinction.

Certificate Serial Number: CERT-2024-57385
Date of Issue: 19/06/2024
Issued under the seal of the Academic Senate and Controller of Examinations.",certificate
"CAMBRIDGE GLOBAL UNIVERSITY
PROVISIONAL DEGREE CERTIFICATE & CONVOCATION RECORD

This is to certify that
Elena Rostova
Roll Number / Registration No: REG-576721
has successfully completed the prescribed curriculum and passed the examination for the award of:
Bachelor of Science in Data Analytics
with First Class Distinction.

Certificate Serial Number: CERT-2021-80259
Date of Issue: 27/07/2024
Issued under the seal of the Academic Senate and Controller of Examinations.",certificate
"CAMBRIDGE GLOBAL UNIVERSITY
PROVISIONAL DEGREE CERTIFICATE & CONVOCATION RECORD

This is to certify that
Johnathan Davis
Roll Number / Registration No: REG-843553
has successfully completed the prescribed curriculum and passed the examination for the award of:
Bachelor of Science in Data Analytics
with First Class Distinction.

Certificate Serial Number: CERT-2022-29979
Date of Issue: 26/06/2024
Issued under the seal of the Academic Senate and Controller of Examinations.",certificate
"CITY COLLEGE OF APPLIED ARTS
PROVISIONAL DEGREE CERTIFICATE & CONVOCATION RECORD

This is to certify that
Aarav Sharma
Roll Number / Registration No: REG-485042
has successfully completed the prescribed curriculum and passed the examination for the award of:
Bachelor of Technology in Computer Science
with First Class Distinction.

Certificate Serial Number: CERT-2023-23636
Date of Issue: 25/06/2024
Issued under the seal of the Academic Senate and Controller of Examinations.",certificate
"METROPOLITAN INSTITUTE OF TECHNOLOGY
PROVISIONAL DEGREE CERTIFICATE & CONVOCATION RECORD

This is to certify that
Sophia Patel
Roll Number / Registration No: REG-745975
has successfully completed the prescribed curriculum and passed the examination for the award of:
Bachelor of Technology in Computer Science
with First Class Distinction.

Certificate Serial Number: CERT-2022-67780
Date of Issue: 27/07/2024
Issued under the seal of the Academic Senate and Controller of Examinations.",certificate
"CAMBRIDGE GLOBAL UNIVERSITY
PROVISIONAL DEGREE CERTIFICATE & CONVOCATION RECORD

This is to certify that
Aarav Sharma
Roll Number / Registration No: REG-847483
has successfully completed the prescribed curriculum and passed the examination for the award of:
Bachelor of Business Administration
with First Class Distinction.

Certificate Serial Number: CERT-2021-13740
Date of Issue: 09/07/2024
Issued under the seal of the Academic Senate and Controller of Examinations.",certificate
"CAMBRIDGE GLOBAL UNIVERSITY
PROVISIONAL DEGREE CERTIFICATE & CONVOCATION RECORD

This is to certify that
Priya Nair
Roll Number / Registration No: REG-356030
has successfully completed the prescribed curriculum and passed the examination for the award of:
Postgraduate Diploma in Cybersecurity
with First Class Distinction.

Certificate Serial Number: CERT-2021-32517
Date of Issue: 05/06/2024
Issued under the seal of the Academic Senate and Controller of Examinations.",certificate
"STANFORD ACADEMIC UNIVERSITY
PROVISIONAL DEGREE CERTIFICATE & CONVOCATION RECORD

This is to certify that
Priya Nair
Roll Number / Registration No: REG-822975
has successfully completed the prescribed curriculum and passed the examination for the award of:
Bachelor of Technology in Computer Science
with First Class Distinction.

Certificate Serial Number: CERT-2022-54327
Date of Issue: 14/06/2024
Issued under the seal of the Academic Senate and Controller of Examinations.",certificate
"NATIONAL INSTITUTE OF TECHNOLOGY
PROVISIONAL DEGREE CERTIFICATE & CONVOCATION RECORD

This is to certify that
Robert Taylor
Roll Number / Registration No: REG-747794
has successfully completed the prescribed curriculum and passed the examination for the award of:
Bachelor of Science in Data Analytics
with First Class Distinction.

Certificate Serial Number: CERT-2023-35078
Date of Issue: 03/07/2024
Issued under the seal of the Academic Senate and Controller of Examinations.",certificate
"APEX UNIVERSITY OF ENGINEERING & SCIENCES
PROVISIONAL DEGREE CERTIFICATE & CONVOCATION RECORD

This is to certify that
Sophia Patel
Roll Number / Registration No: REG-946015
has successfully completed the prescribed curriculum and passed the examination for the award of:
Bachelor of Science in Data Analytics
with First Class Distinction.

Certificate Serial Number: CERT-2024-14613
Date of Issue: 04/06/2024
Issued under the seal of the Academic Senate and Controller of Examinations.",certificate
"NATIONAL INSTITUTE OF TECHNOLOGY
PROVISIONAL DEGREE CERTIFICATE & CONVOCATION RECORD

This is to certify that
Aarav Sharma
Roll Number / Registration No: REG-251285
has successfully completed the prescribed curriculum and passed the examination for the award of:
Bachelor of Science in Data Analytics
with First Class Distinction.

Certificate Serial Number: CERT-2023-25982
Date of Issue: 20/06/2024
Issued under the seal of the Academic Senate and Controller of Examinations.",certificate
"CAMBRIDGE GLOBAL UNIVERSITY
PROVISIONAL DEGREE CERTIFICATE & CONVOCATION RECORD

This is to certify that
Sophia Patel
Roll Number / Registration No: REG-864313
has successfully completed the prescribed curriculum and passed the examination for the award of:
Bachelor of Business Administration
with First Class Distinction.

Certificate Serial Number: CERT-2022-14673
Date of Issue: 01/06/2024
Issued under the seal of the Academic Senate and Controller of Examinations.",certificate
"CAMBRIDGE GLOBAL UNIVERSITY
PROVISIONAL DEGREE CERTIFICATE & CONVOCATION RECORD

This is to certify that
Johnathan Davis
Roll Number / Registration No: REG-630003
has successfully completed the prescribed curriculum and passed the examination for the award of:
Bachelor of Business Administration
with First Class Distinction.

Certificate Serial Number: CERT-2021-59344
Date of Issue: 14/06/2024
Issued under the seal of the Academic Senate and Controller of Examinations.",certificate
"STANFORD ACADEMIC UNIVERSITY
PROVISIONAL DEGREE CERTIFICATE & CONVOCATION RECORD

This is to certify that
Elena Rostova
Roll Number / Registration No: REG-700469
has successfully completed the prescribed curriculum and passed the examination for the award of:
Master of Science in Artificial Intelligence
with First Class Distinction.

Certificate Serial Number: CERT-2021-88710
Date of Issue: 17/07/2024
Issued under the seal of the Academic Senate and Controller of Examinations.",certificate
"STANFORD ACADEMIC UNIVERSITY
PROVISIONAL DEGREE CERTIFICATE & CONVOCATION RECORD

This is to certify that
Michael Chang
Roll Number / Registration No: REG-122618
has successfully completed the prescribed curriculum and passed the examination for the award of:
Postgraduate Diploma in Cybersecurity
with First Class Distinction.

Certificate Serial Number: CERT-2023-62769
Date of Issue: 26/07/2024
Issued under the seal of the Academic Senate and Controller of Examinations.",certificate
"APEX UNIVERSITY OF ENGINEERING & SCIENCES
PROVISIONAL DEGREE CERTIFICATE & CONVOCATION RECORD

This is to certify that
Fatima Al-Mansoor
Roll Number / Registration No: REG-162585
has successfully completed the prescribed curriculum and passed the examination for the award of:
Bachelor of Technology in Computer Science
with First Class Distinction.

Certificate Serial Number: CERT-2023-83962
Date of Issue: 25/07/2024
Issued under the seal of the Academic Senate and Controller of Examinations.",certificate
"NATIONAL INSTITUTE OF TECHNOLOGY
PROVISIONAL DEGREE CERTIFICATE & CONVOCATION RECORD

This is to certify that
Sophia Patel
Roll Number / Registration No: REG-517244
has successfully completed the prescribed curriculum and passed the examination for the award of:
Bachelor of Business Administration
with First Class Distinction.

Certificate Serial Number: CERT-2023-67153
Date of Issue: 17/05/2024
Issued under the seal of the Academic Senate and Controller of Examinations.",certificate
"CAMBRIDGE GLOBAL UNIVERSITY
PROVISIONAL DEGREE CERTIFICATE & CONVOCATION RECORD

This is to certify that
Elena Rostova
Roll Number / Registration No: REG-998919
has successfully completed the prescribed curriculum and passed the examination for the award of:
Bachelor of Technology in Computer Science
with First Class Distinction.

Certificate Serial Number: CERT-2021-60645
Date of Issue: 18/07/2024
Issued under the seal of the Academic Senate and Controller of Examinations.",certificate
"APEX UNIVERSITY OF ENGINEERING & SCIENCES
PROVISIONAL DEGREE CERTIFICATE & CONVOCATION RECORD

This is to certify that
Michael Chang
Roll Number / Registration No: REG-751277
has successfully completed the prescribed curriculum and passed the examination for the award of:
Bachelor of Technology in Computer Science
with First Class Distinction.

Certificate Serial Number: CERT-2020-20468
Date of Issue: 11/06/2024
Issued under the seal of the Academic Senate and Controller of Examinations.",certificate
"CITY COLLEGE OF APPLIED ARTS
PROVISIONAL DEGREE CERTIFICATE & CONVOCATION RECORD

This is to certify that
Sophia Patel
Roll Number / Registration No: REG-733793
has successfully completed the prescribed curriculum and passed the examination for the award of:
Bachelor of Business Administration
with First Class Distinction.

Certificate Serial Number: CERT-2024-75228
Date of Issue: 18/05/2024
Issued under the seal of the Academic Senate and Controller of Examinations.",certificate
"NATIONAL INSTITUTE OF TECHNOLOGY
PROVISIONAL DEGREE CERTIFICATE & CONVOCATION RECORD

This is to certify that
Aarav Sharma
Roll Number / Registration No: REG-199031
has successfully completed the prescribed curriculum and passed the examination for the award of:
Bachelor of Technology in Computer Science
with First Class Distinction.

Certificate Serial Number: CERT-2020-86963
Date of Issue: 18/06/2024
Issued under the seal of the Academic Senate and Controller of Examinations.",certificate
"APEX UNIVERSITY OF ENGINEERING & SCIENCES
PROVISIONAL DEGREE CERTIFICATE & CONVOCATION RECORD

This is to certify that
Sophia Patel
Roll Number / Registration No: REG-503826
has successfully completed the prescribed curriculum and passed the examination for the award of:
Bachelor of Business Administration
with First Class Distinction.

Certificate Serial Number: CERT-2025-21963
Date of Issue: 22/05/2024
Issued under the seal of the Academic Senate and Controller of Examinations.",certificate
"APEX UNIVERSITY OF ENGINEERING & SCIENCES
PROVISIONAL DEGREE CERTIFICATE & CONVOCATION RECORD

This is to certify that
Robert Taylor
Roll Number / Registration No: REG-976232
has successfully completed the prescribed curriculum and passed the examination for the award of:
Bachelor of Business Administration
with First Class Distinction.

Certificate Serial Number: CERT-2023-82896
Date of Issue: 17/05/2024
Issued under the seal of the Academic Senate and Controller of Examinations.",certificate
"METROPOLITAN INSTITUTE OF TECHNOLOGY
PROVISIONAL DEGREE CERTIFICATE & CONVOCATION RECORD

This is to certify that
Elena Rostova
Roll Number / Registration No: REG-670484
has successfully completed the prescribed curriculum and passed the examination for the award of:
Bachelor of Business Administration
with First Class Distinction.

Certificate Serial Number: CERT-2020-38619
Date of Issue: 14/07/2024
Issued under the seal of the Academic Senate and Controller of Examinations.",certificate
"STANFORD ACADEMIC UNIVERSITY
PROVISIONAL DEGREE CERTIFICATE & CONVOCATION RECORD

This is to certify that
Sophia Patel
Roll Number / Registration No: REG-644239
has successfully completed the prescribed curriculum and passed the examination for the award of:
Bachelor of Technology in Computer Science
with First Class Distinction.

Certificate Serial Number: CERT-2022-78914
Date of Issue: 10/05/2024
Issued under the seal of the Academic Senate and Controller of Examinations.",certificate
"STANFORD ACADEMIC UNIVERSITY
PROVISIONAL DEGREE CERTIFICATE & CONVOCATION RECORD

This is to certify that
Johnathan Davis
Roll Number / Registration No: REG-582339
has successfully completed the prescribed curriculum and passed the examination for the award of:
Postgraduate Diploma in Cybersecurity
with First Class Distinction.

Certificate Serial Number: CERT-2020-96708
Date of Issue: 02/05/2024
Issued under the seal of the Academic Senate and Controller of Examinations.",certificate
"METROPOLITAN INSTITUTE OF TECHNOLOGY
PROVISIONAL DEGREE CERTIFICATE & CONVOCATION RECORD

This is to certify that
Fatima Al-Mansoor
Roll Number / Registration No: REG-651617
has successfully completed the prescribed curriculum and passed the examination for the award of:
Bachelor of Business Administration
with First Class Distinction.

Certificate Serial Number: CERT-2023-29269
Date of Issue: 14/06/2024
Issued under the seal of the Academic Senate and Controller of Examinations.",certificate
"APEX UNIVERSITY OF ENGINEERING & SCIENCES
PROVISIONAL DEGREE CERTIFICATE & CONVOCATION RECORD

This is to certify that
Priya Nair
Roll Number / Registration No: REG-769603
has successfully completed the prescribed curriculum and passed the examination for the award of:
Bachelor of Business Administration
with First Class Distinction.

Certificate Serial Number: CERT-2025-75815
Date of Issue: 14/05/2024
Issued under the seal of the Academic Senate and Controller of Examinations.",certificate
"STANFORD ACADEMIC UNIVERSITY
PROVISIONAL DEGREE CERTIFICATE & CONVOCATION RECORD

This is to certify that
Michael Chang
Roll Number / Registration No: REG-199414
has successfully completed the prescribed curriculum and passed the examination for the award of:
Bachelor of Business Administration
with First Class Distinction.

Certificate Serial Number: CERT-2023-27453
Date of Issue: 19/07/2024
Issued under the seal of the Academic Senate and Controller of Examinations.",certificate
"NATIONAL INSTITUTE OF TECHNOLOGY
PROVISIONAL DEGREE CERTIFICATE & CONVOCATION RECORD

This is to certify that
Sophia Patel
Roll Number / Registration No: REG-712560
has successfully completed the prescribed curriculum and passed the examination for the award of:
Bachelor of Business Administration
with First Class Distinction.

Certificate Serial Number: CERT-2022-79825
Date of Issue: 10/05/2024
Issued under the seal of the Academic Senate and Controller of Examinations.",certificate
"STANFORD ACADEMIC UNIVERSITY
PROVISIONAL DEGREE CERTIFICATE & CONVOCATION RECORD

This is to certify that
Aarav Sharma
Roll Number / Registration No: REG-376584
has successfully completed the prescribed curriculum and passed the examination for the award of:
Bachelor of Technology in Computer Science
with First Class Distinction.

Certificate Serial Number: CERT-2023-19696
Date of Issue: 21/05/2024
Issued under the seal of the Academic Senate and Controller of Examinations.",certificate
"NATIONAL INSTITUTE OF TECHNOLOGY
PROVISIONAL DEGREE CERTIFICATE & CONVOCATION RECORD

This is to certify that
Michael Chang
Roll Number / Registration No: REG-297914
has successfully completed the prescribed curriculum and passed the examination for the award of:
Bachelor of Technology in Computer Science
with First Class Distinction.

Certificate Serial Number: CERT-2020-68539
Date of Issue: 25/07/2024
Issued under the seal of the Academic Senate and Controller of Examinations.",certificate
"NATIONAL INSTITUTE OF TECHNOLOGY
PROVISIONAL DEGREE CERTIFICATE & CONVOCATION RECORD

This is to certify that
David Miller
Roll Number / Registration No: REG-958986
has successfully completed the prescribed curriculum and passed the examination for the award of:
Bachelor of Science in Data Analytics
with First Class Distinction.

Certificate Serial Number: CERT-2023-67464
Date of Issue: 16/06/2024
Issued under the seal of the Academic Senate and Controller of Examinations.",certificate
"STANFORD ACADEMIC UNIVERSITY
PROVISIONAL DEGREE CERTIFICATE & CONVOCATION RECORD

This is to certify that
Priya Nair
Roll Number / Registration No: REG-413862
has successfully completed the prescribed curriculum and passed the examination for the award of:
Master of Science in Artificial Intelligence
with First Class Distinction.

Certificate Serial Number: CERT-2024-26832
Date of Issue: 01/06/2024
Issued under the seal of the Academic Senate and Controller of Examinations.",certificate
"CAMBRIDGE GLOBAL UNIVERSITY
PROVISIONAL DEGREE CERTIFICATE & CONVOCATION RECORD

This is to certify that
Sophia Patel
Roll Number / Registration No: REG-865840
has successfully completed the prescribed curriculum and passed the examination for the award of:
Bachelor of Science in Data Analytics
with First Class Distinction.

Certificate Serial Number: CERT-2021-87257
Date of Issue: 25/07/2024
Issued under the seal of the Academic Senate and Controller of Examinations.",certificate
"APEX UNIVERSITY OF ENGINEERING & SCIENCES
PROVISIONAL DEGREE CERTIFICATE & CONVOCATION RECORD

This is to certify that
Elena Rostova
Roll Number / Registration No: REG-331708
has successfully completed the prescribed curriculum and passed the examination for the award of:
Master of Science in Artificial Intelligence
with First Class Distinction.

Certificate Serial Number: CERT-2021-40267
Date of Issue: 11/05/2024
Issued under the seal of the Academic Senate and Controller of Examinations.",certificate
"CITY COLLEGE OF APPLIED ARTS
PROVISIONAL DEGREE CERTIFICATE & CONVOCATION RECORD

This is to certify that
Robert Taylor
Roll Number / Registration No: REG-489198
has successfully completed the prescribed curriculum and passed the examination for the award of:
Bachelor of Technology in Computer Science
with First Class Distinction.

Certificate Serial Number: CERT-2020-17681
Date of Issue: 02/05/2024
Issued under the seal of the Academic Senate and Controller of Examinations.",certificate
"STANFORD ACADEMIC UNIVERSITY
PROVISIONAL DEGREE CERTIFICATE & CONVOCATION RECORD

This is to certify that
Sophia Patel
Roll Number / Registration No: REG-300864
has successfully completed the prescribed curriculum and passed the examination for the award of:
Bachelor of Science in Data Analytics
with First Class Distinction.

Certificate Serial Number: CERT-2024-37483
Date of Issue: 28/05/2024
Issued under the seal of the Academic Senate and Controller of Examinations.",certificate
"APEX UNIVERSITY OF ENGINEERING & SCIENCES
PROVISIONAL DEGREE CERTIFICATE & CONVOCATION RECORD

This is to certify that
Priya Nair
Roll Number / Registration No: REG-735118
has successfully completed the prescribed curriculum and passed the examination for the award of:
Bachelor of Business Administration
with First Class Distinction.

Certificate Serial Number: CERT-2024-33534
Date of Issue: 28/07/2024
Issued under the seal of the Academic Senate and Controller of Examinations.",certificate
"NATIONAL INSTITUTE OF TECHNOLOGY
PROVISIONAL DEGREE CERTIFICATE & CONVOCATION RECORD

This is to certify that
Elena Rostova
Roll Number / Registration No: REG-332796
has successfully completed the prescribed curriculum and passed the examination for the award of:
Master of Science in Artificial Intelligence
with First Class Distinction.

Certificate Serial Number: CERT-2021-14949
Date of Issue: 06/07/2024
Issued under the seal of the Academic Senate and Controller of Examinations.",certificate
"METROPOLITAN INSTITUTE OF TECHNOLOGY
PROVISIONAL DEGREE CERTIFICATE & CONVOCATION RECORD

This is to certify that
Sophia Patel
Roll Number / Registration No: REG-782393
has successfully completed the prescribed curriculum and passed the examination for the award of:
Bachelor of Business Administration
with First Class Distinction.

Certificate Serial Number: CERT-2020-78513
Date of Issue: 22/05/2024
Issued under the seal of the Academic Senate and Controller of Examinations.",certificate
"STANFORD ACADEMIC UNIVERSITY
PROVISIONAL DEGREE CERTIFICATE & CONVOCATION RECORD

This is to certify that
Fatima Al-Mansoor
Roll Number / Registration No: REG-119521
has successfully completed the prescribed curriculum and passed the examination for the award of:
Postgraduate Diploma in Cybersecurity
with First Class Distinction.

Certificate Serial Number: CERT-2022-11660
Date of Issue: 21/07/2024
Issued under the seal of the Academic Senate and Controller of Examinations.",certificate
"STANFORD ACADEMIC UNIVERSITY
PROVISIONAL DEGREE CERTIFICATE & CONVOCATION RECORD

This is to certify that
David Miller
Roll Number / Registration No: REG-706681
has successfully completed the prescribed curriculum and passed the examination for the award of:
Bachelor of Technology in Computer Science
with First Class Distinction.

Certificate Serial Number: CERT-2022-72551
Date of Issue: 05/06/2024
Issued under the seal of the Academic Senate and Controller of Examinations.",certificate
"METROPOLITAN INSTITUTE OF TECHNOLOGY
PROVISIONAL DEGREE CERTIFICATE & CONVOCATION RECORD

This is to certify that
Elena Rostova
Roll Number / Registration No: REG-376529
has successfully completed the prescribed curriculum and passed the examination for the award of:
Master of Science in Artificial Intelligence
with First Class Distinction.

Certificate Serial Number: CERT-2020-22882
Date of Issue: 17/05/2024
Issued under the seal of the Academic Senate and Controller of Examinations.",certificate
"CITY COLLEGE OF APPLIED ARTS
PROVISIONAL DEGREE CERTIFICATE & CONVOCATION RECORD

This is to certify that
Michael Chang
Roll Number / Registration No: REG-642024
has successfully completed the prescribed curriculum and passed the examination for the award of:
Bachelor of Technology in Computer Science
with First Class Distinction.

Certificate Serial Number: CERT-2023-97831
Date of Issue: 19/06/2024
Issued under the seal of the Academic Senate and Controller of Examinations.",certificate
"CITY COLLEGE OF APPLIED ARTS
PROVISIONAL DEGREE CERTIFICATE & CONVOCATION RECORD

This is to certify that
Michael Chang
Roll Number / Registration No: REG-650369
has successfully completed the prescribed curriculum and passed the examination for the award of:
Bachelor of Technology in Computer Science
with First Class Distinction.

Certificate Serial Number: CERT-2024-72670
Date of Issue: 09/07/2024
Issued under the seal of the Academic Senate and Controller of Examinations.",certificate
"STANFORD ACADEMIC UNIVERSITY
PROVISIONAL DEGREE CERTIFICATE & CONVOCATION RECORD

This is to certify that
Fatima Al-Mansoor
Roll Number / Registration No: REG-127708
has successfully completed the prescribed curriculum and passed the examination for the award of:
Master of Science in Artificial Intelligence
with First Class Distinction.

Certificate Serial Number: CERT-2021-87593
Date of Issue: 20/07/2024
Issued under the seal of the Academic Senate and Controller of Examinations.",certificate
"METROPOLITAN INSTITUTE OF TECHNOLOGY
PROVISIONAL DEGREE CERTIFICATE & CONVOCATION RECORD

This is to certify that
Michael Chang
Roll Number / Registration No: REG-119460
has successfully completed the prescribed curriculum and passed the examination for the award of:
Master of Science in Artificial Intelligence
with First Class Distinction.

Certificate Serial Number: CERT-2021-76608
Date of Issue: 07/07/2024
Issued under the seal of the Academic Senate and Controller of Examinations.",certificate
"CITY COLLEGE OF APPLIED ARTS
PROVISIONAL DEGREE CERTIFICATE & CONVOCATION RECORD

This is to certify that
Michael Chang
Roll Number / Registration No: REG-560652
has successfully completed the prescribed curriculum and passed the examination for the award of:
Master of Science in Artificial Intelligence
with First Class Distinction.

Certificate Serial Number: CERT-2024-21523
Date of Issue: 26/06/2024
Issued under the seal of the Academic Senate and Controller of Examinations.",certificate
"CITY COLLEGE OF APPLIED ARTS
PROVISIONAL DEGREE CERTIFICATE & CONVOCATION RECORD

This is to certify that
Aarav Sharma
Roll Number / Registration No: REG-592827
has successfully completed the prescribed curriculum and passed the examination for the award of:
Bachelor of Technology in Computer Science
with First Class Distinction.

Certificate Serial Number: CERT-2023-98916
Date of Issue: 15/07/2024
Issued under the seal of the Academic Senate and Controller of Examinations.",certificate
"NATIONAL INSTITUTE OF TECHNOLOGY
PROVISIONAL DEGREE CERTIFICATE & CONVOCATION RECORD

This is to certify that
Johnathan Davis
Roll Number / Registration No: REG-835147
has successfully completed the prescribed curriculum and passed the examination for the award of:
Postgraduate Diploma in Cybersecurity
with First Class Distinction.

Certificate Serial Number: CERT-2024-37269
Date of Issue: 10/05/2024
Issued under the seal of the Academic Senate and Controller of Examinations.",certificate
"CITY COLLEGE OF APPLIED ARTS
PROVISIONAL DEGREE CERTIFICATE & CONVOCATION RECORD

This is to certify that
Johnathan Davis
Roll Number / Registration No: REG-857396
has successfully completed the prescribed curriculum and passed the examination for the award of:
Bachelor of Business Administration
with First Class Distinction.

Certificate Serial Number: CERT-2022-64281
Date of Issue: 06/05/2024
Issued under the seal of the Academic Senate and Controller of Examinations.",certificate
"STANFORD ACADEMIC UNIVERSITY
PROVISIONAL DEGREE CERTIFICATE & CONVOCATION RECORD

This is to certify that
David Miller
Roll Number / Registration No: REG-992388
has successfully completed the prescribed curriculum and passed the examination for the award of:
Bachelor of Business Administration
with First Class Distinction.

Certificate Serial Number: CERT-2023-15468
Date of Issue: 28/06/2024
Issued under the seal of the Academic Senate and Controller of Examinations.",certificate
"NATIONAL INSTITUTE OF TECHNOLOGY
PROVISIONAL DEGREE CERTIFICATE & CONVOCATION RECORD

This is to certify that
David Miller
Roll Number / Registration No: REG-851979
has successfully completed the prescribed curriculum and passed the examination for the award of:
Bachelor of Business Administration
with First Class Distinction.

Certificate Serial Number: CERT-2021-23596
Date of Issue: 18/07/2024
Issued under the seal of the Academic Senate and Controller of Examinations.",certificate
"NATIONAL INSTITUTE OF TECHNOLOGY
PROVISIONAL DEGREE CERTIFICATE & CONVOCATION RECORD

This is to certify that
Johnathan Davis
Roll Number / Registration No: REG-270569
has successfully completed the prescribed curriculum and passed the examination for the award of:
Master of Science in Artificial Intelligence
with First Class Distinction.

Certificate Serial Number: CERT-2025-67594
Date of Issue: 16/05/2024
Issued under the seal of the Academic Senate and Controller of Examinations.",certificate
"STANFORD ACADEMIC UNIVERSITY
PROVISIONAL DEGREE CERTIFICATE & CONVOCATION RECORD

This is to certify that
Priya Nair
Roll Number / Registration No: REG-507503
has successfully completed the prescribed curriculum and passed the examination for the award of:
Master of Science in Artificial Intelligence
with First Class Distinction.

Certificate Serial Number: CERT-2024-15946
Date of Issue: 20/06/2024
Issued under the seal of the Academic Senate and Controller of Examinations.",certificate
"STANFORD ACADEMIC UNIVERSITY
PROVISIONAL DEGREE CERTIFICATE & CONVOCATION RECORD

This is to certify that
Elena Rostova
Roll Number / Registration No: REG-450435
has successfully completed the prescribed curriculum and passed the examination for the award of:
Master of Science in Artificial Intelligence
with First Class Distinction.

Certificate Serial Number: CERT-2025-76406
Date of Issue: 07/05/2024
Issued under the seal of the Academic Senate and Controller of Examinations.",certificate
"CAMBRIDGE GLOBAL UNIVERSITY
PROVISIONAL DEGREE CERTIFICATE & CONVOCATION RECORD

This is to certify that
Sophia Patel
Roll Number / Registration No: REG-538056
has successfully completed the prescribed curriculum and passed the examination for the award of:
Postgraduate Diploma in Cybersecurity
with First Class Distinction.

Certificate Serial Number: CERT-2023-65407
Date of Issue: 13/05/2024
Issued under the seal of the Academic Senate and Controller of Examinations.",certificate
"NATIONAL INSTITUTE OF TECHNOLOGY
PROVISIONAL DEGREE CERTIFICATE & CONVOCATION RECORD

This is to certify that
Priya Nair
Roll Number / Registration No: REG-468888
has successfully completed the prescribed curriculum and passed the examination for the award of:
Bachelor of Business Administration
with First Class Distinction.

Certificate Serial Number: CERT-2025-11336
Date of Issue: 03/05/2024
Issued under the seal of the Academic Senate and Controller of Examinations.",certificate
"GOVERNMENT IDENTITY CARD / DRIVER PERMIT
Cardholder Name: Priya Nair
Identification Number: ID-1367-8966
Date of Birth: 25/01/1991
Gender: Male
Date of Issue: 15/01/2020
Date of Expiry: 15/01/2030
Address: Flat 402, Green Meadows, Tech City
Emergency Contact: +91 98765 43210
Blood Group: B+
Cardholder Signature Verified.",id_card
"GOVERNMENT IDENTITY CARD / DRIVER PERMIT
Cardholder Name: David Miller
Identification Number: DL-3698-2221
Date of Birth: 16/07/1990
Gender: Female
Date of Issue: 15/01/2020
Date of Expiry: 15/01/2030
Address: Flat 402, Green Meadows, Tech City
Emergency Contact: +91 98765 43210
Blood Group: AB+
Cardholder Signature Verified.",id_card
"GOVERNMENT IDENTITY CARD / DRIVER PERMIT
Cardholder Name: David Miller
Identification Number: ID-5594-6244
Date of Birth: 13/05/2000
Gender: Male
Date of Issue: 15/01/2020
Date of Expiry: 15/01/2030
Address: Flat 402, Green Meadows, Tech City
Emergency Contact: +91 98765 43210
Blood Group: O+
Cardholder Signature Verified.",id_card
"GOVERNMENT IDENTITY CARD / DRIVER PERMIT
Cardholder Name: Fatima Al-Mansoor
Identification Number: ID-3746-2305
Date of Birth: 15/07/1994
Gender: Female
Date of Issue: 15/01/2020
Date of Expiry: 15/01/2030
Address: Flat 402, Green Meadows, Tech City
Emergency Contact: +91 98765 43210
Blood Group: B+
Cardholder Signature Verified.",id_card
"GOVERNMENT IDENTITY CARD / DRIVER PERMIT
Cardholder Name: Robert Taylor
Identification Number: ID-5059-7749
Date of Birth: 18/10/1985
Gender: Male
Date of Issue: 15/01/2020
Date of Expiry: 15/01/2030
Address: Flat 402, Green Meadows, Tech City
Emergency Contact: +91 98765 43210
Blood Group: AB+
Cardholder Signature Verified.",id_card
"GOVERNMENT IDENTITY CARD / DRIVER PERMIT
Cardholder Name: David Miller
Identification Number: SSN-4844-3286
Date of Birth: 09/04/1999
Gender: Female
Date of Issue: 15/01/2020
Date of Expiry: 15/01/2030
Address: Flat 402, Green Meadows, Tech City
Emergency Contact: +91 98765 43210
Blood Group: A+
Cardholder Signature Verified.",id_card
"GOVERNMENT IDENTITY CARD / DRIVER PERMIT
Cardholder Name: Fatima Al-Mansoor
Identification Number: ID-2118-4656
Date of Birth: 26/11/1994
Gender: Female
Date of Issue: 15/01/2020
Date of Expiry: 15/01/2030
Address: Flat 402, Green Meadows, Tech City
Emergency Contact: +91 98765 43210
Blood Group: O+
Cardholder Signature Verified.",id_card
"GOVERNMENT IDENTITY CARD / DRIVER PERMIT
Cardholder Name: Robert Taylor
Identification Number: DL-4921-9786
Date of Birth: 13/08/1988
Gender: Female
Date of Issue: 15/01/2020
Date of Expiry: 15/01/2030
Address: Flat 402, Green Meadows, Tech City
Emergency Contact: +91 98765 43210
Blood Group: O+
Cardholder Signature Verified.",id_card
"GOVERNMENT IDENTITY CARD / DRIVER PERMIT
Cardholder Name: Robert Taylor
Identification Number: DL-6674-2789
Date of Birth: 04/08/1985
Gender: Female
Date of Issue: 15/01/2020
Date of Expiry: 15/01/2030
Address: Flat 402, Green Meadows, Tech City
Emergency Contact: +91 98765 43210
Blood Group: O+
Cardholder Signature Verified.",id_card
"GOVERNMENT IDENTITY CARD / DRIVER PERMIT
Cardholder Name: Priya Nair
Identification Number: DL-1971-5688
Date of Birth: 18/04/1993
Gender: Male
Date of Issue: 15/01/2020
Date of Expiry: 15/01/2030
Address: Flat 402, Green Meadows, Tech City
Emergency Contact: +91 98765 43210
Blood Group: B+
Cardholder Signature Verified.",id_card
"GOVERNMENT IDENTITY CARD / DRIVER PERMIT
Cardholder Name: Fatima Al-Mansoor
Identification Number: DL-1368-3780
Date of Birth: 15/05/1988
Gender: Male
Date of Issue: 15/01/2020
Date of Expiry: 15/01/2030
Address: Flat 402, Green Meadows, Tech City
Emergency Contact: +91 98765 43210
Blood Group: B+
Cardholder Signature Verified.",id_card
"GOVERNMENT IDENTITY CARD / DRIVER PERMIT
Cardholder Name: Sophia Patel
Identification Number: ID-2061-2313
Date of Birth: 17/08/1995
Gender: Male
Date of Issue: 15/01/2020
Date of Expiry: 15/01/2030
Address: Flat 402, Green Meadows, Tech City
Emergency Contact: +91 98765 43210
Blood Group: O+
Cardholder Signature Verified.",id_card
"GOVERNMENT IDENTITY CARD / DRIVER PERMIT
Cardholder Name: Elena Rostova
Identification Number: SSN-7532-1639
Date of Birth: 22/09/2002
Gender: Female
Date of Issue: 15/01/2020
Date of Expiry: 15/01/2030
Address: Flat 402, Green Meadows, Tech City
Emergency Contact: +91 98765 43210
Blood Group: O+
Cardholder Signature Verified.",id_card
"GOVERNMENT IDENTITY CARD / DRIVER PERMIT
Cardholder Name: Sophia Patel
Identification Number: ID-5560-3315
Date of Birth: 03/11/1999
Gender: Male
Date of Issue: 15/01/2020
Date of Expiry: 15/01/2030
Address: Flat 402, Green Meadows, Tech City
Emergency Contact: +91 98765 43210
Blood Group: O+
Cardholder Signature Verified.",id_card
"GOVERNMENT IDENTITY CARD / DRIVER PERMIT
Cardholder Name: Johnathan Davis
Identification Number: DL-1325-1339
Date of Birth: 20/04/1999
Gender: Male
Date of Issue: 15/01/2020
Date of Expiry: 15/01/2030
Address: Flat 402, Green Meadows, Tech City
Emergency Contact: +91 98765 43210
Blood Group: O+
Cardholder Signature Verified.",id_card
"GOVERNMENT IDENTITY CARD / DRIVER PERMIT
Cardholder Name: Johnathan Davis
Identification Number: DL-6854-5013
Date of Birth: 19/02/2000
Gender: Female
Date of Issue: 15/01/2020
Date of Expiry: 15/01/2030
Address: Flat 402, Green Meadows, Tech City
Emergency Contact: +91 98765 43210
Blood Group: AB+
Cardholder Signature Verified.",id_card
"GOVERNMENT IDENTITY CARD / DRIVER PERMIT
Cardholder Name: Aarav Sharma
Identification Number: SSN-9356-1812
Date of Birth: 04/08/1986
Gender: Male
Date of Issue: 15/01/2020
Date of Expiry: 15/01/2030
Address: Flat 402, Green Meadows, Tech City
Emergency Contact: +91 98765 43210
Blood Group: B+
Cardholder Signature Verified.",id_card
"GOVERNMENT IDENTITY CARD / DRIVER PERMIT
Cardholder Name: David Miller
Identification Number: SSN-9197-6746
Date of Birth: 26/04/1994
Gender: Female
Date of Issue: 15/01/2020
Date of Expiry: 15/01/2030
Address: Flat 402, Green Meadows, Tech City
Emergency Contact: +91 98765 43210
Blood Group: O+
Cardholder Signature Verified.",id_card
"GOVERNMENT IDENTITY CARD / DRIVER PERMIT
Cardholder Name: Michael Chang
Identification Number: DL-3981-2540
Date of Birth: 16/07/2002
Gender: Male
Date of Issue: 15/01/2020
Date of Expiry: 15/01/2030
Address: Flat 402, Green Meadows, Tech City
Emergency Contact: +91 98765 43210
Blood Group: A+
Cardholder Signature Verified.",id_card
"GOVERNMENT IDENTITY CARD / DRIVER PERMIT
Cardholder Name: Aarav Sharma
Identification Number: ID-5875-9467
Date of Birth: 18/01/2000
Gender: Female
Date of Issue: 15/01/2020
Date of Expiry: 15/01/2030
Address: Flat 402, Green Meadows, Tech City
Emergency Contact: +91 98765 43210
Blood Group: O+
Cardholder Signature Verified.",id_card
"GOVERNMENT IDENTITY CARD / DRIVER PERMIT
Cardholder Name: Sophia Patel
Identification Number: ID-2831-5957
Date of Birth: 11/09/1987
Gender: Female
Date of Issue: 15/01/2020
Date of Expiry: 15/01/2030
Address: Flat 402, Green Meadows, Tech City
Emergency Contact: +91 98765 43210
Blood Group: B+
Cardholder Signature Verified.",id_card
"GOVERNMENT IDENTITY CARD / DRIVER PERMIT
Cardholder Name: Sophia Patel
Identification Number: DL-5554-3657
Date of Birth: 21/03/2001
Gender: Female
Date of Issue: 15/01/2020
Date of Expiry: 15/01/2030
Address: Flat 402, Green Meadows, Tech City
Emergency Contact: +91 98765 43210
Blood Group: AB+
Cardholder Signature Verified.",id_card
"GOVERNMENT IDENTITY CARD / DRIVER PERMIT
Cardholder Name: Michael Chang
Identification Number: SSN-5709-8533
Date of Birth: 22/10/2002
Gender: Female
Date of Issue: 15/01/2020
Date of Expiry: 15/01/2030
Address: Flat 402, Green Meadows, Tech City
Emergency Contact: +91 98765 43210
Blood Group: B+
Cardholder Signature Verified.",id_card
"GOVERNMENT IDENTITY CARD / DRIVER PERMIT
Cardholder Name: Johnathan Davis
Identification Number: DL-1360-8747
Date of Birth: 05/10/1993
Gender: Male
Date of Issue: 15/01/2020
Date of Expiry: 15/01/2030
Address: Flat 402, Green Meadows, Tech City
Emergency Contact: +91 98765 43210
Blood Group: AB+
Cardholder Signature Verified.",id_card
"GOVERNMENT IDENTITY CARD / DRIVER PERMIT
Cardholder Name: Robert Taylor
Identification Number: DL-9998-9823
Date of Birth: 21/12/1990
Gender: Male
Date of Issue: 15/01/2020
Date of Expiry: 15/01/2030
Address: Flat 402, Green Meadows, Tech City
Emergency Contact: +91 98765 43210
Blood Group: AB+
Cardholder Signature Verified.",id_card
"GOVERNMENT IDENTITY CARD / DRIVER PERMIT
Cardholder Name: Johnathan Davis
Identification Number: DL-4984-4261
Date of Birth: 19/06/1986
Gender: Male
Date of Issue: 15/01/2020
Date of Expiry: 15/01/2030
Address: Flat 402, Green Meadows, Tech City
Emergency Contact: +91 98765 43210
Blood Group: AB+
Cardholder Signature Verified.",id_card
"GOVERNMENT IDENTITY CARD / DRIVER PERMIT
Cardholder Name: Aarav Sharma
Identification Number: DL-1988-3138
Date of Birth: 06/08/1990
Gender: Female
Date of Issue: 15/01/2020
Date of Expiry: 15/01/2030
Address: Flat 402, Green Meadows, Tech City
Emergency Contact: +91 98765 43210
Blood Group: O+
Cardholder Signature Verified.",id_card
"GOVERNMENT IDENTITY CARD / DRIVER PERMIT
Cardholder Name: Fatima Al-Mansoor
Identification Number: SSN-1680-1441
Date of Birth: 16/05/1997
Gender: Female
Date of Issue: 15/01/2020
Date of Expiry: 15/01/2030
Address: Flat 402, Green Meadows, Tech City
Emergency Contact: +91 98765 43210
Blood Group: B+
Cardholder Signature Verified.",id_card
"GOVERNMENT IDENTITY CARD / DRIVER PERMIT
Cardholder Name: Johnathan Davis
Identification Number: ID-1188-9229
Date of Birth: 03/04/1989
Gender: Male
Date of Issue: 15/01/2020
Date of Expiry: 15/01/2030
Address: Flat 402, Green Meadows, Tech City
Emergency Contact: +91 98765 43210
Blood Group: AB+
Cardholder Signature Verified.",id_card
"GOVERNMENT IDENTITY CARD / DRIVER PERMIT
Cardholder Name: Priya Nair
Identification Number: DL-4615-6081
Date of Birth: 12/12/1989
Gender: Female
Date of Issue: 15/01/2020
Date of Expiry: 15/01/2030
Address: Flat 402, Green Meadows, Tech City
Emergency Contact: +91 98765 43210
Blood Group: AB+
Cardholder Signature Verified.",id_card
"GOVERNMENT IDENTITY CARD / DRIVER PERMIT
Cardholder Name: Aarav Sharma
Identification Number: SSN-4254-7907
Date of Birth: 15/05/1998
Gender: Male
Date of Issue: 15/01/2020
Date of Expiry: 15/01/2030
Address: Flat 402, Green Meadows, Tech City
Emergency Contact: +91 98765 43210
Blood Group: AB+
Cardholder Signature Verified.",id_card
"GOVERNMENT IDENTITY CARD / DRIVER PERMIT
Cardholder Name: Aarav Sharma
Identification Number: ID-1063-9830
Date of Birth: 27/04/1989
Gender: Female
Date of Issue: 15/01/2020
Date of Expiry: 15/01/2030
Address: Flat 402, Green Meadows, Tech City
Emergency Contact: +91 98765 43210
Blood Group: B+
Cardholder Signature Verified.",id_card
"GOVERNMENT IDENTITY CARD / DRIVER PERMIT
Cardholder Name: Priya Nair
Identification Number: ID-1070-4662
Date of Birth: 27/03/1986
Gender: Male
Date of Issue: 15/01/2020
Date of Expiry: 15/01/2030
Address: Flat 402, Green Meadows, Tech City
Emergency Contact: +91 98765 43210
Blood Group: AB+
Cardholder Signature Verified.",id_card
"GOVERNMENT IDENTITY CARD / DRIVER PERMIT
Cardholder Name: David Miller
Identification Number: SSN-2973-9944
Date of Birth: 18/03/1988
Gender: Male
Date of Issue: 15/01/2020
Date of Expiry: 15/01/2030
Address: Flat 402, Green Meadows, Tech City
Emergency Contact: +91 98765 43210
Blood Group: A+
Cardholder Signature Verified.",id_card
"GOVERNMENT IDENTITY CARD / DRIVER PERMIT
Cardholder Name: Aarav Sharma
Identification Number: ID-2187-3623
Date of Birth: 12/12/1990
Gender: Female
Date of Issue: 15/01/2020
Date of Expiry: 15/01/2030
Address: Flat 402, Green Meadows, Tech City
Emergency Contact: +91 98765 43210
Blood Group: O+
Cardholder Signature Verified.",id_card
"GOVERNMENT IDENTITY CARD / DRIVER PERMIT
Cardholder Name: Michael Chang
Identification Number: DL-6351-8027
Date of Birth: 01/09/1997
Gender: Female
Date of Issue: 15/01/2020
Date of Expiry: 15/01/2030
Address: Flat 402, Green Meadows, Tech City
Emergency Contact: +91 98765 43210
Blood Group: AB+
Cardholder Signature Verified.",id_card
"GOVERNMENT IDENTITY CARD / DRIVER PERMIT
Cardholder Name: Michael Chang
Identification Number: DL-5369-2282
Date of Birth: 27/01/1988
Gender: Male
Date of Issue: 15/01/2020
Date of Expiry: 15/01/2030
Address: Flat 402, Green Meadows, Tech City
Emergency Contact: +91 98765 43210
Blood Group: AB+
Cardholder Signature Verified.",id_card
"GOVERNMENT IDENTITY CARD / DRIVER PERMIT
Cardholder Name: Michael Chang
Identification Number: ID-8201-1655
Date of Birth: 22/09/1997
Gender: Female
Date of Issue: 15/01/2020
Date of Expiry: 15/01/2030
Address: Flat 402, Green Meadows, Tech City
Emergency Contact: +91 98765 43210
Blood Group: O+
Cardholder Signature Verified.",id_card
"GOVERNMENT IDENTITY CARD / DRIVER PERMIT
Cardholder Name: Fatima Al-Mansoor
Identification Number: SSN-8361-3227
Date of Birth: 06/12/1985
Gender: Male
Date of Issue: 15/01/2020
Date of Expiry: 15/01/2030
Address: Flat 402, Green Meadows, Tech City
Emergency Contact: +91 98765 43210
Blood Group: O+
Cardholder Signature Verified.",id_card
"GOVERNMENT IDENTITY CARD / DRIVER PERMIT
Cardholder Name: David Miller
Identification Number: DL-8283-5391
Date of Birth: 27/04/1996
Gender: Male
Date of Issue: 15/01/2020
Date of Expiry: 15/01/2030
Address: Flat 402, Green Meadows, Tech City
Emergency Contact: +91 98765 43210
Blood Group: O+
Cardholder Signature Verified.",id_card
"GOVERNMENT IDENTITY CARD / DRIVER PERMIT
Cardholder Name: David Miller
Identification Number: DL-8225-8903
Date of Birth: 13/06/1986
Gender: Male
Date of Issue: 15/01/2020
Date of Expiry: 15/01/2030
Address: Flat 402, Green Meadows, Tech City
Emergency Contact: +91 98765 43210
Blood Group: O+
Cardholder Signature Verified.",id_card
"GOVERNMENT IDENTITY CARD / DRIVER PERMIT
Cardholder Name: Robert Taylor
Identification Number: SSN-3054-7118
Date of Birth: 16/10/1989
Gender: Female
Date of Issue: 15/01/2020
Date of Expiry: 15/01/2030
Address: Flat 402, Green Meadows, Tech City
Emergency Contact: +91 98765 43210
Blood Group: B+
Cardholder Signature Verified.",id_card
"GOVERNMENT IDENTITY CARD / DRIVER PERMIT
Cardholder Name: Robert Taylor
Identification Number: DL-6302-6785
Date of Birth: 21/08/1995
Gender: Female
Date of Issue: 15/01/2020
Date of Expiry: 15/01/2030
Address: Flat 402, Green Meadows, Tech City
Emergency Contact: +91 98765 43210
Blood Group: AB+
Cardholder Signature Verified.",id_card
"GOVERNMENT IDENTITY CARD / DRIVER PERMIT
Cardholder Name: Johnathan Davis
Identification Number: ID-1862-2058
Date of Birth: 26/01/1996
Gender: Male
Date of Issue: 15/01/2020
Date of Expiry: 15/01/2030
Address: Flat 402, Green Meadows, Tech City
Emergency Contact: +91 98765 43210
Blood Group: B+
Cardholder Signature Verified.",id_card
"GOVERNMENT IDENTITY CARD / DRIVER PERMIT
Cardholder Name: Priya Nair
Identification Number: DL-1016-8290
Date of Birth: 06/05/2000
Gender: Female
Date of Issue: 15/01/2020
Date of Expiry: 15/01/2030
Address: Flat 402, Green Meadows, Tech City
Emergency Contact: +91 98765 43210
Blood Group: A+
Cardholder Signature Verified.",id_card
"GOVERNMENT IDENTITY CARD / DRIVER PERMIT
Cardholder Name: Michael Chang
Identification Number: ID-9773-7259
Date of Birth: 19/12/1991
Gender: Male
Date of Issue: 15/01/2020
Date of Expiry: 15/01/2030
Address: Flat 402, Green Meadows, Tech City
Emergency Contact: +91 98765 43210
Blood Group: AB+
Cardholder Signature Verified.",id_card
"GOVERNMENT IDENTITY CARD / DRIVER PERMIT
Cardholder Name: Johnathan Davis
Identification Number: SSN-4662-2284
Date of Birth: 12/05/1990
Gender: Female
Date of Issue: 15/01/2020
Date of Expiry: 15/01/2030
Address: Flat 402, Green Meadows, Tech City
Emergency Contact: +91 98765 43210
Blood Group: B+
Cardholder Signature Verified.",id_card
"GOVERNMENT IDENTITY CARD / DRIVER PERMIT
Cardholder Name: Robert Taylor
Identification Number: DL-5811-8804
Date of Birth: 22/11/1991
Gender: Male
Date of Issue: 15/01/2020
Date of Expiry: 15/01/2030
Address: Flat 402, Green Meadows, Tech City
Emergency Contact: +91 98765 43210
Blood Group: B+
Cardholder Signature Verified.",id_card
"GOVERNMENT IDENTITY CARD / DRIVER PERMIT
Cardholder Name: Johnathan Davis
Identification Number: ID-2872-9049
Date of Birth: 28/05/1997
Gender: Female
Date of Issue: 15/01/2020
Date of Expiry: 15/01/2030
Address: Flat 402, Green Meadows, Tech City
Emergency Contact: +91 98765 43210
Blood Group: O+
Cardholder Signature Verified.",id_card
"GOVERNMENT IDENTITY CARD / DRIVER PERMIT
Cardholder Name: David Miller
Identification Number: SSN-9993-4637
Date of Birth: 26/03/1995
Gender: Female
Date of Issue: 15/01/2020
Date of Expiry: 15/01/2030
Address: Flat 402, Green Meadows, Tech City
Emergency Contact: +91 98765 43210
Blood Group: A+
Cardholder Signature Verified.",id_card
"GOVERNMENT IDENTITY CARD / DRIVER PERMIT
Cardholder Name: Michael Chang
Identification Number: DL-3119-8499
Date of Birth: 27/02/1990
Gender: Female
Date of Issue: 15/01/2020
Date of Expiry: 15/01/2030
Address: Flat 402, Green Meadows, Tech City
Emergency Contact: +91 98765 43210
Blood Group: O+
Cardholder Signature Verified.",id_card
"GOVERNMENT IDENTITY CARD / DRIVER PERMIT
Cardholder Name: Priya Nair
Identification Number: SSN-9145-9953
Date of Birth: 17/01/1994
Gender: Female
Date of Issue: 15/01/2020
Date of Expiry: 15/01/2030
Address: Flat 402, Green Meadows, Tech City
Emergency Contact: +91 98765 43210
Blood Group: O+
Cardholder Signature Verified.",id_card
"GOVERNMENT IDENTITY CARD / DRIVER PERMIT
Cardholder Name: Aarav Sharma
Identification Number: SSN-9563-5538
Date of Birth: 22/03/2001
Gender: Male
Date of Issue: 15/01/2020
Date of Expiry: 15/01/2030
Address: Flat 402, Green Meadows, Tech City
Emergency Contact: +91 98765 43210
Blood Group: AB+
Cardholder Signature Verified.",id_card
"GOVERNMENT IDENTITY CARD / DRIVER PERMIT
Cardholder Name: Priya Nair
Identification Number: SSN-5954-1091
Date of Birth: 25/03/1999
Gender: Female
Date of Issue: 15/01/2020
Date of Expiry: 15/01/2030
Address: Flat 402, Green Meadows, Tech City
Emergency Contact: +91 98765 43210
Blood Group: B+
Cardholder Signature Verified.",id_card
"GOVERNMENT IDENTITY CARD / DRIVER PERMIT
Cardholder Name: Priya Nair
Identification Number: DL-1205-4240
Date of Birth: 20/06/2001
Gender: Male
Date of Issue: 15/01/2020
Date of Expiry: 15/01/2030
Address: Flat 402, Green Meadows, Tech City
Emergency Contact: +91 98765 43210
Blood Group: A+
Cardholder Signature Verified.",id_card
"GOVERNMENT IDENTITY CARD / DRIVER PERMIT
Cardholder Name: Sophia Patel
Identification Number: ID-9023-9237
Date of Birth: 20/04/1988
Gender: Male
Date of Issue: 15/01/2020
Date of Expiry: 15/01/2030
Address: Flat 402, Green Meadows, Tech City
Emergency Contact: +91 98765 43210
Blood Group: AB+
Cardholder Signature Verified.",id_card
"GOVERNMENT IDENTITY CARD / DRIVER PERMIT
Cardholder Name: Sophia Patel
Identification Number: SSN-4316-9016
Date of Birth: 06/05/1993
Gender: Female
Date of Issue: 15/01/2020
Date of Expiry: 15/01/2030
Address: Flat 402, Green Meadows, Tech City
Emergency Contact: +91 98765 43210
Blood Group: B+
Cardholder Signature Verified.",id_card
"GOVERNMENT IDENTITY CARD / DRIVER PERMIT
Cardholder Name: Aarav Sharma
Identification Number: ID-5348-9728
Date of Birth: 10/10/1999
Gender: Male
Date of Issue: 15/01/2020
Date of Expiry: 15/01/2030
Address: Flat 402, Green Meadows, Tech City
Emergency Contact: +91 98765 43210
Blood Group: A+
Cardholder Signature Verified.",id_card
"GOVERNMENT IDENTITY CARD / DRIVER PERMIT
Cardholder Name: Elena Rostova
Identification Number: DL-1251-1300
Date of Birth: 16/08/2001
Gender: Male
Date of Issue: 15/01/2020
Date of Expiry: 15/01/2030
Address: Flat 402, Green Meadows, Tech City
Emergency Contact: +91 98765 43210
Blood Group: A+
Cardholder Signature Verified.",id_card
"GOVERNMENT IDENTITY CARD / DRIVER PERMIT
Cardholder Name: Priya Nair
Identification Number: DL-5009-7841
Date of Birth: 26/10/1989
Gender: Male
Date of Issue: 15/01/2020
Date of Expiry: 15/01/2030
Address: Flat 402, Green Meadows, Tech City
Emergency Contact: +91 98765 43210
Blood Group: O+
Cardholder Signature Verified.",id_card
"GOVERNMENT IDENTITY CARD / DRIVER PERMIT
Cardholder Name: Sophia Patel
Identification Number: ID-3862-7690
Date of Birth: 21/08/1986
Gender: Female
Date of Issue: 15/01/2020
Date of Expiry: 15/01/2030
Address: Flat 402, Green Meadows, Tech City
Emergency Contact: +91 98765 43210
Blood Group: AB+
Cardholder Signature Verified.",id_card
"GOVERNMENT IDENTITY CARD / DRIVER PERMIT
Cardholder Name: Johnathan Davis
Identification Number: SSN-6029-5920
Date of Birth: 17/06/1985
Gender: Male
Date of Issue: 15/01/2020
Date of Expiry: 15/01/2030
Address: Flat 402, Green Meadows, Tech City
Emergency Contact: +91 98765 43210
Blood Group: O+
Cardholder Signature Verified.",id_card
"GOVERNMENT IDENTITY CARD / DRIVER PERMIT
Cardholder Name: Fatima Al-Mansoor
Identification Number: ID-3787-6636
Date of Birth: 15/07/1989
Gender: Male
Date of Issue: 15/01/2020
Date of Expiry: 15/01/2030
Address: Flat 402, Green Meadows, Tech City
Emergency Contact: +91 98765 43210
Blood Group: A+
Cardholder Signature Verified.",id_card
"GOVERNMENT IDENTITY CARD / DRIVER PERMIT
Cardholder Name: Johnathan Davis
Identification Number: ID-9528-4112
Date of Birth: 05/09/1987
Gender: Female
Date of Issue: 15/01/2020
Date of Expiry: 15/01/2030
Address: Flat 402, Green Meadows, Tech City
Emergency Contact: +91 98765 43210
Blood Group: AB+
Cardholder Signature Verified.",id_card
"GOVERNMENT IDENTITY CARD / DRIVER PERMIT
Cardholder Name: David Miller
Identification Number: SSN-1497-5380
Date of Birth: 13/03/1991
Gender: Female
Date of Issue: 15/01/2020
Date of Expiry: 15/01/2030
Address: Flat 402, Green Meadows, Tech City
Emergency Contact: +91 98765 43210
Blood Group: AB+
Cardholder Signature Verified.",id_card
"GOVERNMENT IDENTITY CARD / DRIVER PERMIT
Cardholder Name: Priya Nair
Identification Number: ID-3431-1949
Date of Birth: 09/05/1993
Gender: Male
Date of Issue: 15/01/2020
Date of Expiry: 15/01/2030
Address: Flat 402, Green Meadows, Tech City
Emergency Contact: +91 98765 43210
Blood Group: B+
Cardholder Signature Verified.",id_card
"GOVERNMENT IDENTITY CARD / DRIVER PERMIT
Cardholder Name: Robert Taylor
Identification Number: DL-7187-4513
Date of Birth: 15/09/1987
Gender: Male
Date of Issue: 15/01/2020
Date of Expiry: 15/01/2030
Address: Flat 402, Green Meadows, Tech City
Emergency Contact: +91 98765 43210
Blood Group: B+
Cardholder Signature Verified.",id_card
"GOVERNMENT IDENTITY CARD / DRIVER PERMIT
Cardholder Name: Fatima Al-Mansoor
Identification Number: ID-2162-4222
Date of Birth: 12/01/1991
Gender: Female
Date of Issue: 15/01/2020
Date of Expiry: 15/01/2030
Address: Flat 402, Green Meadows, Tech City
Emergency Contact: +91 98765 43210
Blood Group: A+
Cardholder Signature Verified.",id_card
"GOVERNMENT IDENTITY CARD / DRIVER PERMIT
Cardholder Name: Johnathan Davis
Identification Number: ID-4540-7854
Date of Birth: 14/07/1992
Gender: Female
Date of Issue: 15/01/2020
Date of Expiry: 15/01/2030
Address: Flat 402, Green Meadows, Tech City
Emergency Contact: +91 98765 43210
Blood Group: AB+
Cardholder Signature Verified.",id_card
"GOVERNMENT IDENTITY CARD / DRIVER PERMIT
Cardholder Name: Sophia Patel
Identification Number: ID-7134-2396
Date of Birth: 19/08/1998
Gender: Male
Date of Issue: 15/01/2020
Date of Expiry: 15/01/2030
Address: Flat 402, Green Meadows, Tech City
Emergency Contact: +91 98765 43210
Blood Group: A+
Cardholder Signature Verified.",id_card
"APPLICATION FORM FOR PROFESSIONAL ADMISSION
Reference Number: APP-2025-98391
Application Date: 12/02/2025

1. APPLICANT DETAILS:
Full Name: Aarav Sharma
Email: aarav.sharma@example.com
Contact Phone: +91 9639654359
Current Qualification: High School / Undergraduate Diploma

2. PROGRAM PREFERENCE:
Applied Department: School of Computer Science & Engineering
Session: 2025-2026 Academic Year

3. DECLARATION:
I hereby declare that all information provided in this application form is true and correct to the best of my knowledge.
Applicant Signature: Aarav Sharma
Date of Submission: 12/02/2025",application_form
"APPLICATION FORM FOR PROFESSIONAL ADMISSION
Reference Number: APP-2025-58089
Application Date: 03/02/2025

1. APPLICANT DETAILS:
Full Name: Fatima Al-Mansoor
Email: fatima.al-mansoor@example.com
Contact Phone: +91 9553225279
Current Qualification: High School / Undergraduate Diploma

2. PROGRAM PREFERENCE:
Applied Department: School of Computer Science & Engineering
Session: 2025-2026 Academic Year

3. DECLARATION:
I hereby declare that all information provided in this application form is true and correct to the best of my knowledge.
Applicant Signature: Fatima Al-Mansoor
Date of Submission: 03/02/2025",application_form
"APPLICATION FORM FOR PROFESSIONAL ADMISSION
Reference Number: APP-2025-20281
Application Date: 24/06/2025

1. APPLICANT DETAILS:
Full Name: Aarav Sharma
Email: aarav.sharma@example.com
Contact Phone: +91 9089607248
Current Qualification: High School / Undergraduate Diploma

2. PROGRAM PREFERENCE:
Applied Department: School of Computer Science & Engineering
Session: 2025-2026 Academic Year

3. DECLARATION:
I hereby declare that all information provided in this application form is true and correct to the best of my knowledge.
Applicant Signature: Aarav Sharma
Date of Submission: 24/06/2025",application_form
"APPLICATION FORM FOR PROFESSIONAL ADMISSION
Reference Number: APP-2025-49127
Application Date: 27/06/2025

1. APPLICANT DETAILS:
Full Name: Robert Taylor
Email: robert.taylor@example.com
Contact Phone: +91 9100444954
Current Qualification: High School / Undergraduate Diploma

2. PROGRAM PREFERENCE:
Applied Department: School of Computer Science & Engineering
Session: 2025-2026 Academic Year

3. DECLARATION:
I hereby declare that all information provided in this application form is true and correct to the best of my knowledge.
Applicant Signature: Robert Taylor
Date of Submission: 27/06/2025",application_form
"APPLICATION FORM FOR PROFESSIONAL ADMISSION
Reference Number: APP-2025-80812
Application Date: 13/04/2025

1. APPLICANT DETAILS:
Full Name: Sophia Patel
Email: sophia.patel@example.com
Contact Phone: +91 9814771064
Current Qualification: High School / Undergraduate Diploma

2. PROGRAM PREFERENCE:
Applied Department: School of Computer Science & Engineering
Session: 2025-2026 Academic Year

3. DECLARATION:
I hereby declare that all information provided in this application form is true and correct to the best of my knowledge.
Applicant Signature: Sophia Patel
Date of Submission: 13/04/2025",application_form
"APPLICATION FORM FOR PROFESSIONAL ADMISSION
Reference Number: APP-2025-53164
Application Date: 19/04/2025

1. APPLICANT DETAILS:
Full Name: Johnathan Davis
Email: johnathan.davis@example.com
Contact Phone: +91 9154269276
Current Qualification: High School / Undergraduate Diploma

2. PROGRAM PREFERENCE:
Applied Department: School of Computer Science & Engineering
Session: 2025-2026 Academic Year

3. DECLARATION:
I hereby declare that all information provided in this application form is true and correct to the best of my knowledge.
Applicant Signature: Johnathan Davis
Date of Submission: 19/04/2025",application_form
"APPLICATION FORM FOR PROFESSIONAL ADMISSION
Reference Number: APP-2025-52560
Application Date: 12/02/2025

1. APPLICANT DETAILS:
Full Name: Johnathan Davis
Email: johnathan.davis@example.com
Contact Phone: +91 9419118587
Current Qualification: High School / Undergraduate Diploma

2. PROGRAM PREFERENCE:
Applied Department: School of Computer Science & Engineering
Session: 2025-2026 Academic Year

3. DECLARATION:
I hereby declare that all information provided in this application form is true and correct to the best of my knowledge.
Applicant Signature: Johnathan Davis
Date of Submission: 12/02/2025",application_form
"APPLICATION FORM FOR PROFESSIONAL ADMISSION
Reference Number: APP-2025-25971
Application Date: 02/01/2025

1. APPLICANT DETAILS:
Full Name: Sophia Patel
Email: sophia.patel@example.com
Contact Phone: +91 9109965676
Current Qualification: High School / Undergraduate Diploma

2. PROGRAM PREFERENCE:
Applied Department: School of Computer Science & Engineering
Session: 2025-2026 Academic Year

3. DECLARATION:
I hereby declare that all information provided in this application form is true and correct to the best of my knowledge.
Applicant Signature: Sophia Patel
Date of Submission: 02/01/2025",application_form
"APPLICATION FORM FOR PROFESSIONAL ADMISSION
Reference Number: APP-2025-85049
Application Date: 13/05/2025

1. APPLICANT DETAILS:
Full Name: Elena Rostova
Email: elena.rostova@example.com
Contact Phone: +91 9368716969
Current Qualification: High School / Undergraduate Diploma

2. PROGRAM PREFERENCE:
Applied Department: School of Computer Science & Engineering
Session: 2025-2026 Academic Year

3. DECLARATION:
I hereby declare that all information provided in this application form is true and correct to the best of my knowledge.
Applicant Signature: Elena Rostova
Date of Submission: 13/05/2025",application_form
"APPLICATION FORM FOR PROFESSIONAL ADMISSION
Reference Number: APP-2025-31648
Application Date: 11/04/2025

1. APPLICANT DETAILS:
Full Name: Robert Taylor
Email: robert.taylor@example.com
Contact Phone: +91 9538911903
Current Qualification: High School / Undergraduate Diploma

2. PROGRAM PREFERENCE:
Applied Department: School of Computer Science & Engineering
Session: 2025-2026 Academic Year

3. DECLARATION:
I hereby declare that all information provided in this application form is true and correct to the best of my knowledge.
Applicant Signature: Robert Taylor
Date of Submission: 11/04/2025",application_form
"APPLICATION FORM FOR PROFESSIONAL ADMISSION
Reference Number: APP-2025-96887
Application Date: 19/06/2025

1. APPLICANT DETAILS:
Full Name: Johnathan Davis
Email: johnathan.davis@example.com
Contact Phone: +91 9117969756
Current Qualification: High School / Undergraduate Diploma

2. PROGRAM PREFERENCE:
Applied Department: School of Computer Science & Engineering
Session: 2025-2026 Academic Year

3. DECLARATION:
I hereby declare that all information provided in this application form is true and correct to the best of my knowledge.
Applicant Signature: Johnathan Davis
Date of Submission: 19/06/2025",application_form
"APPLICATION FORM FOR PROFESSIONAL ADMISSION
Reference Number: APP-2025-40752
Application Date: 15/03/2025

1. APPLICANT DETAILS:
Full Name: Sophia Patel
Email: sophia.patel@example.com
Contact Phone: +91 9164291350
Current Qualification: High School / Undergraduate Diploma

2. PROGRAM PREFERENCE:
Applied Department: School of Computer Science & Engineering
Session: 2025-2026 Academic Year

3. DECLARATION:
I hereby declare that all information provided in this application form is true and correct to the best of my knowledge.
Applicant Signature: Sophia Patel
Date of Submission: 15/03/2025",application_form
"APPLICATION FORM FOR PROFESSIONAL ADMISSION
Reference Number: APP-2025-17328
Application Date: 07/04/2025

1. APPLICANT DETAILS:
Full Name: David Miller
Email: david.miller@example.com
Contact Phone: +91 9062667409
Current Qualification: High School / Undergraduate Diploma

2. PROGRAM PREFERENCE:
Applied Department: School of Computer Science & Engineering
Session: 2025-2026 Academic Year

3. DECLARATION:
I hereby declare that all information provided in this application form is true and correct to the best of my knowledge.
Applicant Signature: David Miller
Date of Submission: 07/04/2025",application_form
"APPLICATION FORM FOR PROFESSIONAL ADMISSION
Reference Number: APP-2025-67907
Application Date: 17/01/2025

1. APPLICANT DETAILS:
Full Name: Elena Rostova
Email: elena.rostova@example.com
Contact Phone: +91 9742719319
Current Qualification: High School / Undergraduate Diploma

2. PROGRAM PREFERENCE:
Applied Department: School of Computer Science & Engineering
Session: 2025-2026 Academic Year

3. DECLARATION:
I hereby declare that all information provided in this application form is true and correct to the best of my knowledge.
Applicant Signature: Elena Rostova
Date of Submission: 17/01/2025",application_form
"APPLICATION FORM FOR PROFESSIONAL ADMISSION
Reference Number: APP-2025-14046
Application Date: 03/01/2025

1. APPLICANT DETAILS:
Full Name: Johnathan Davis
Email: johnathan.davis@example.com
Contact Phone: +91 9709884474
Current Qualification: High School / Undergraduate Diploma

2. PROGRAM PREFERENCE:
Applied Department: School of Computer Science & Engineering
Session: 2025-2026 Academic Year

3. DECLARATION:
I hereby declare that all information provided in this application form is true and correct to the best of my knowledge.
Applicant Signature: Johnathan Davis
Date of Submission: 03/01/2025",application_form
"APPLICATION FORM FOR PROFESSIONAL ADMISSION
Reference Number: APP-2025-49182
Application Date: 14/02/2025

1. APPLICANT DETAILS:
Full Name: David Miller
Email: david.miller@example.com
Contact Phone: +91 9896200028
Current Qualification: High School / Undergraduate Diploma

2. PROGRAM PREFERENCE:
Applied Department: School of Computer Science & Engineering
Session: 2025-2026 Academic Year

3. DECLARATION:
I hereby declare that all information provided in this application form is true and correct to the best of my knowledge.
Applicant Signature: David Miller
Date of Submission: 14/02/2025",application_form
"APPLICATION FORM FOR PROFESSIONAL ADMISSION
Reference Number: APP-2025-29823
Application Date: 19/05/2025

1. APPLICANT DETAILS:
Full Name: Johnathan Davis
Email: johnathan.davis@example.com
Contact Phone: +91 9883123720
Current Qualification: High School / Undergraduate Diploma

2. PROGRAM PREFERENCE:
Applied Department: School of Computer Science & Engineering
Session: 2025-2026 Academic Year

3. DECLARATION:
I hereby declare that all information provided in this application form is true and correct to the best of my knowledge.
Applicant Signature: Johnathan Davis
Date of Submission: 19/05/2025",application_form
"APPLICATION FORM FOR PROFESSIONAL ADMISSION
Reference Number: APP-2025-62048
Application Date: 15/02/2025

1. APPLICANT DETAILS:
Full Name: Michael Chang
Email: michael.chang@example.com
Contact Phone: +91 9471562110
Current Qualification: High School / Undergraduate Diploma

2. PROGRAM PREFERENCE:
Applied Department: School of Computer Science & Engineering
Session: 2025-2026 Academic Year

3. DECLARATION:
I hereby declare that all information provided in this application form is true and correct to the best of my knowledge.
Applicant Signature: Michael Chang
Date of Submission: 15/02/2025",application_form
"APPLICATION FORM FOR PROFESSIONAL ADMISSION
Reference Number: APP-2025-23233
Application Date: 06/04/2025

1. APPLICANT DETAILS:
Full Name: Priya Nair
Email: priya.nair@example.com
Contact Phone: +91 9531622575
Current Qualification: High School / Undergraduate Diploma

2. PROGRAM PREFERENCE:
Applied Department: School of Computer Science & Engineering
Session: 2025-2026 Academic Year

3. DECLARATION:
I hereby declare that all information provided in this application form is true and correct to the best of my knowledge.
Applicant Signature: Priya Nair
Date of Submission: 06/04/2025",application_form
"APPLICATION FORM FOR PROFESSIONAL ADMISSION
Reference Number: APP-2025-89012
Application Date: 03/01/2025

1. APPLICANT DETAILS:
Full Name: Priya Nair
Email: priya.nair@example.com
Contact Phone: +91 9642069799
Current Qualification: High School / Undergraduate Diploma

2. PROGRAM PREFERENCE:
Applied Department: School of Computer Science & Engineering
Session: 2025-2026 Academic Year

3. DECLARATION:
I hereby declare that all information provided in this application form is true and correct to the best of my knowledge.
Applicant Signature: Priya Nair
Date of Submission: 03/01/2025",application_form
"APPLICATION FORM FOR PROFESSIONAL ADMISSION
Reference Number: APP-2025-30822
Application Date: 03/02/2025

1. APPLICANT DETAILS:
Full Name: Johnathan Davis
Email: johnathan.davis@example.com
Contact Phone: +91 9372969615
Current Qualification: High School / Undergraduate Diploma

2. PROGRAM PREFERENCE:
Applied Department: School of Computer Science & Engineering
Session: 2025-2026 Academic Year

3. DECLARATION:
I hereby declare that all information provided in this application form is true and correct to the best of my knowledge.
Applicant Signature: Johnathan Davis
Date of Submission: 03/02/2025",application_form
"APPLICATION FORM FOR PROFESSIONAL ADMISSION
Reference Number: APP-2025-37174
Application Date: 07/02/2025

1. APPLICANT DETAILS:
Full Name: Robert Taylor
Email: robert.taylor@example.com
Contact Phone: +91 9804249927
Current Qualification: High School / Undergraduate Diploma

2. PROGRAM PREFERENCE:
Applied Department: School of Computer Science & Engineering
Session: 2025-2026 Academic Year

3. DECLARATION:
I hereby declare that all information provided in this application form is true and correct to the best of my knowledge.
Applicant Signature: Robert Taylor
Date of Submission: 07/02/2025",application_form
"APPLICATION FORM FOR PROFESSIONAL ADMISSION
Reference Number: APP-2025-49821
Application Date: 21/03/2025

1. APPLICANT DETAILS:
Full Name: Fatima Al-Mansoor
Email: fatima.al-mansoor@example.com
Contact Phone: +91 9393827873
Current Qualification: High School / Undergraduate Diploma

2. PROGRAM PREFERENCE:
Applied Department: School of Computer Science & Engineering
Session: 2025-2026 Academic Year

3. DECLARATION:
I hereby declare that all information provided in this application form is true and correct to the best of my knowledge.
Applicant Signature: Fatima Al-Mansoor
Date of Submission: 21/03/2025",application_form
"APPLICATION FORM FOR PROFESSIONAL ADMISSION
Reference Number: APP-2025-56287
Application Date: 10/04/2025

1. APPLICANT DETAILS:
Full Name: Sophia Patel
Email: sophia.patel@example.com
Contact Phone: +91 9137103035
Current Qualification: High School / Undergraduate Diploma

2. PROGRAM PREFERENCE:
Applied Department: School of Computer Science & Engineering
Session: 2025-2026 Academic Year

3. DECLARATION:
I hereby declare that all information provided in this application form is true and correct to the best of my knowledge.
Applicant Signature: Sophia Patel
Date of Submission: 10/04/2025",application_form
"APPLICATION FORM FOR PROFESSIONAL ADMISSION
Reference Number: APP-2025-87904
Application Date: 22/06/2025

1. APPLICANT DETAILS:
Full Name: Johnathan Davis
Email: johnathan.davis@example.com
Contact Phone: +91 9924983370
Current Qualification: High School / Undergraduate Diploma

2. PROGRAM PREFERENCE:
Applied Department: School of Computer Science & Engineering
Session: 2025-2026 Academic Year

3. DECLARATION:
I hereby declare that all information provided in this application form is true and correct to the best of my knowledge.
Applicant Signature: Johnathan Davis
Date of Submission: 22/06/2025",application_form
"APPLICATION FORM FOR PROFESSIONAL ADMISSION
Reference Number: APP-2025-29652
Application Date: 11/01/2025

1. APPLICANT DETAILS:
Full Name: Priya Nair
Email: priya.nair@example.com
Contact Phone: +91 9998259705
Current Qualification: High School / Undergraduate Diploma

2. PROGRAM PREFERENCE:
Applied Department: School of Computer Science & Engineering
Session: 2025-2026 Academic Year

3. DECLARATION:
I hereby declare that all information provided in this application form is true and correct to the best of my knowledge.
Applicant Signature: Priya Nair
Date of Submission: 11/01/2025",application_form
"APPLICATION FORM FOR PROFESSIONAL ADMISSION
Reference Number: APP-2025-70471
Application Date: 04/02/2025

1. APPLICANT DETAILS:
Full Name: Aarav Sharma
Email: aarav.sharma@example.com
Contact Phone: +91 9287663342
Current Qualification: High School / Undergraduate Diploma

2. PROGRAM PREFERENCE:
Applied Department: School of Computer Science & Engineering
Session: 2025-2026 Academic Year

3. DECLARATION:
I hereby declare that all information provided in this application form is true and correct to the best of my knowledge.
Applicant Signature: Aarav Sharma
Date of Submission: 04/02/2025",application_form
"APPLICATION FORM FOR PROFESSIONAL ADMISSION
Reference Number: APP-2025-11410
Application Date: 06/04/2025

1. APPLICANT DETAILS:
Full Name: Sophia Patel
Email: sophia.patel@example.com
Contact Phone: +91 9133929274
Current Qualification: High School / Undergraduate Diploma

2. PROGRAM PREFERENCE:
Applied Department: School of Computer Science & Engineering
Session: 2025-2026 Academic Year

3. DECLARATION:
I hereby declare that all information provided in this application form is true and correct to the best of my knowledge.
Applicant Signature: Sophia Patel
Date of Submission: 06/04/2025",application_form
"APPLICATION FORM FOR PROFESSIONAL ADMISSION
Reference Number: APP-2025-49557
Application Date: 18/06/2025

1. APPLICANT DETAILS:
Full Name: Fatima Al-Mansoor
Email: fatima.al-mansoor@example.com
Contact Phone: +91 9762855925
Current Qualification: High School / Undergraduate Diploma

2. PROGRAM PREFERENCE:
Applied Department: School of Computer Science & Engineering
Session: 2025-2026 Academic Year

3. DECLARATION:
I hereby declare that all information provided in this application form is true and correct to the best of my knowledge.
Applicant Signature: Fatima Al-Mansoor
Date of Submission: 18/06/2025",application_form
"APPLICATION FORM FOR PROFESSIONAL ADMISSION
Reference Number: APP-2025-75192
Application Date: 17/03/2025

1. APPLICANT DETAILS:
Full Name: Robert Taylor
Email: robert.taylor@example.com
Contact Phone: +91 9519428250
Current Qualification: High School / Undergraduate Diploma

2. PROGRAM PREFERENCE:
Applied Department: School of Computer Science & Engineering
Session: 2025-2026 Academic Year

3. DECLARATION:
I hereby declare that all information provided in this application form is true and correct to the best of my knowledge.
Applicant Signature: Robert Taylor
Date of Submission: 17/03/2025",application_form
"APPLICATION FORM FOR PROFESSIONAL ADMISSION
Reference Number: APP-2025-87969
Application Date: 20/03/2025

1. APPLICANT DETAILS:
Full Name: David Miller
Email: david.miller@example.com
Contact Phone: +91 9792976113
Current Qualification: High School / Undergraduate Diploma

2. PROGRAM PREFERENCE:
Applied Department: School of Computer Science & Engineering
Session: 2025-2026 Academic Year

3. DECLARATION:
I hereby declare that all information provided in this application form is true and correct to the best of my knowledge.
Applicant Signature: David Miller
Date of Submission: 20/03/2025",application_form
"APPLICATION FORM FOR PROFESSIONAL ADMISSION
Reference Number: APP-2025-95686
Application Date: 20/04/2025

1. APPLICANT DETAILS:
Full Name: Elena Rostova
Email: elena.rostova@example.com
Contact Phone: +91 9812981211
Current Qualification: High School / Undergraduate Diploma

2. PROGRAM PREFERENCE:
Applied Department: School of Computer Science & Engineering
Session: 2025-2026 Academic Year

3. DECLARATION:
I hereby declare that all information provided in this application form is true and correct to the best of my knowledge.
Applicant Signature: Elena Rostova
Date of Submission: 20/04/2025",application_form
"APPLICATION FORM FOR PROFESSIONAL ADMISSION
Reference Number: APP-2025-69114
Application Date: 18/06/2025

1. APPLICANT DETAILS:
Full Name: Robert Taylor
Email: robert.taylor@example.com
Contact Phone: +91 9919819797
Current Qualification: High School / Undergraduate Diploma

2. PROGRAM PREFERENCE:
Applied Department: School of Computer Science & Engineering
Session: 2025-2026 Academic Year

3. DECLARATION:
I hereby declare that all information provided in this application form is true and correct to the best of my knowledge.
Applicant Signature: Robert Taylor
Date of Submission: 18/06/2025",application_form
"APPLICATION FORM FOR PROFESSIONAL ADMISSION
Reference Number: APP-2025-71866
Application Date: 11/02/2025

1. APPLICANT DETAILS:
Full Name: David Miller
Email: david.miller@example.com
Contact Phone: +91 9763946233
Current Qualification: High School / Undergraduate Diploma

2. PROGRAM PREFERENCE:
Applied Department: School of Computer Science & Engineering
Session: 2025-2026 Academic Year

3. DECLARATION:
I hereby declare that all information provided in this application form is true and correct to the best of my knowledge.
Applicant Signature: David Miller
Date of Submission: 11/02/2025",application_form
"APPLICATION FORM FOR PROFESSIONAL ADMISSION
Reference Number: APP-2025-16803
Application Date: 20/01/2025

1. APPLICANT DETAILS:
Full Name: Aarav Sharma
Email: aarav.sharma@example.com
Contact Phone: +91 9887032123
Current Qualification: High School / Undergraduate Diploma

2. PROGRAM PREFERENCE:
Applied Department: School of Computer Science & Engineering
Session: 2025-2026 Academic Year

3. DECLARATION:
I hereby declare that all information provided in this application form is true and correct to the best of my knowledge.
Applicant Signature: Aarav Sharma
Date of Submission: 20/01/2025",application_form
"APPLICATION FORM FOR PROFESSIONAL ADMISSION
Reference Number: APP-2025-82755
Application Date: 11/06/2025

1. APPLICANT DETAILS:
Full Name: David Miller
Email: david.miller@example.com
Contact Phone: +91 9184523168
Current Qualification: High School / Undergraduate Diploma

2. PROGRAM PREFERENCE:
Applied Department: School of Computer Science & Engineering
Session: 2025-2026 Academic Year

3. DECLARATION:
I hereby declare that all information provided in this application form is true and correct to the best of my knowledge.
Applicant Signature: David Miller
Date of Submission: 11/06/2025",application_form
"APPLICATION FORM FOR PROFESSIONAL ADMISSION
Reference Number: APP-2025-80833
Application Date: 21/05/2025

1. APPLICANT DETAILS:
Full Name: David Miller
Email: david.miller@example.com
Contact Phone: +91 9711365309
Current Qualification: High School / Undergraduate Diploma

2. PROGRAM PREFERENCE:
Applied Department: School of Computer Science & Engineering
Session: 2025-2026 Academic Year

3. DECLARATION:
I hereby declare that all information provided in this application form is true and correct to the best of my knowledge.
Applicant Signature: David Miller
Date of Submission: 21/05/2025",application_form
"APPLICATION FORM FOR PROFESSIONAL ADMISSION
Reference Number: APP-2025-94220
Application Date: 11/05/2025

1. APPLICANT DETAILS:
Full Name: Priya Nair
Email: priya.nair@example.com
Contact Phone: +91 9342083540
Current Qualification: High School / Undergraduate Diploma

2. PROGRAM PREFERENCE:
Applied Department: School of Computer Science & Engineering
Session: 2025-2026 Academic Year

3. DECLARATION:
I hereby declare that all information provided in this application form is true and correct to the best of my knowledge.
Applicant Signature: Priya Nair
Date of Submission: 11/05/2025",application_form
"APPLICATION FORM FOR PROFESSIONAL ADMISSION
Reference Number: APP-2025-14369
Application Date: 04/02/2025

1. APPLICANT DETAILS:
Full Name: Aarav Sharma
Email: aarav.sharma@example.com
Contact Phone: +91 9484374617
Current Qualification: High School / Undergraduate Diploma

2. PROGRAM PREFERENCE:
Applied Department: School of Computer Science & Engineering
Session: 2025-2026 Academic Year

3. DECLARATION:
I hereby declare that all information provided in this application form is true and correct to the best of my knowledge.
Applicant Signature: Aarav Sharma
Date of Submission: 04/02/2025",application_form
"APPLICATION FORM FOR PROFESSIONAL ADMISSION
Reference Number: APP-2025-13994
Application Date: 11/02/2025

1. APPLICANT DETAILS:
Full Name: Johnathan Davis
Email: johnathan.davis@example.com
Contact Phone: +91 9820904930
Current Qualification: High School / Undergraduate Diploma

2. PROGRAM PREFERENCE:
Applied Department: School of Computer Science & Engineering
Session: 2025-2026 Academic Year

3. DECLARATION:
I hereby declare that all information provided in this application form is true and correct to the best of my knowledge.
Applicant Signature: Johnathan Davis
Date of Submission: 11/02/2025",application_form
"APPLICATION FORM FOR PROFESSIONAL ADMISSION
Reference Number: APP-2025-24747
Application Date: 23/01/2025

1. APPLICANT DETAILS:
Full Name: Robert Taylor
Email: robert.taylor@example.com
Contact Phone: +91 9698385124
Current Qualification: High School / Undergraduate Diploma

2. PROGRAM PREFERENCE:
Applied Department: School of Computer Science & Engineering
Session: 2025-2026 Academic Year

3. DECLARATION:
I hereby declare that all information provided in this application form is true and correct to the best of my knowledge.
Applicant Signature: Robert Taylor
Date of Submission: 23/01/2025",application_form
"APPLICATION FORM FOR PROFESSIONAL ADMISSION
Reference Number: APP-2025-64824
Application Date: 07/06/2025

1. APPLICANT DETAILS:
Full Name: Michael Chang
Email: michael.chang@example.com
Contact Phone: +91 9908553768
Current Qualification: High School / Undergraduate Diploma

2. PROGRAM PREFERENCE:
Applied Department: School of Computer Science & Engineering
Session: 2025-2026 Academic Year

3. DECLARATION:
I hereby declare that all information provided in this application form is true and correct to the best of my knowledge.
Applicant Signature: Michael Chang
Date of Submission: 07/06/2025",application_form
"APPLICATION FORM FOR PROFESSIONAL ADMISSION
Reference Number: APP-2025-51863
Application Date: 13/02/2025

1. APPLICANT DETAILS:
Full Name: David Miller
Email: david.miller@example.com
Contact Phone: +91 9109270813
Current Qualification: High School / Undergraduate Diploma

2. PROGRAM PREFERENCE:
Applied Department: School of Computer Science & Engineering
Session: 2025-2026 Academic Year

3. DECLARATION:
I hereby declare that all information provided in this application form is true and correct to the best of my knowledge.
Applicant Signature: David Miller
Date of Submission: 13/02/2025",application_form
"APPLICATION FORM FOR PROFESSIONAL ADMISSION
Reference Number: APP-2025-65742
Application Date: 04/01/2025

1. APPLICANT DETAILS:
Full Name: Fatima Al-Mansoor
Email: fatima.al-mansoor@example.com
Contact Phone: +91 9998054508
Current Qualification: High School / Undergraduate Diploma

2. PROGRAM PREFERENCE:
Applied Department: School of Computer Science & Engineering
Session: 2025-2026 Academic Year

3. DECLARATION:
I hereby declare that all information provided in this application form is true and correct to the best of my knowledge.
Applicant Signature: Fatima Al-Mansoor
Date of Submission: 04/01/2025",application_form
"APPLICATION FORM FOR PROFESSIONAL ADMISSION
Reference Number: APP-2025-58617
Application Date: 24/04/2025

1. APPLICANT DETAILS:
Full Name: Priya Nair
Email: priya.nair@example.com
Contact Phone: +91 9314137620
Current Qualification: High School / Undergraduate Diploma

2. PROGRAM PREFERENCE:
Applied Department: School of Computer Science & Engineering
Session: 2025-2026 Academic Year

3. DECLARATION:
I hereby declare that all information provided in this application form is true and correct to the best of my knowledge.
Applicant Signature: Priya Nair
Date of Submission: 24/04/2025",application_form
"APPLICATION FORM FOR PROFESSIONAL ADMISSION
Reference Number: APP-2025-75520
Application Date: 13/04/2025

1. APPLICANT DETAILS:
Full Name: Priya Nair
Email: priya.nair@example.com
Contact Phone: +91 9071790944
Current Qualification: High School / Undergraduate Diploma

2. PROGRAM PREFERENCE:
Applied Department: School of Computer Science & Engineering
Session: 2025-2026 Academic Year

3. DECLARATION:
I hereby declare that all information provided in this application form is true and correct to the best of my knowledge.
Applicant Signature: Priya Nair
Date of Submission: 13/04/2025",application_form
"APPLICATION FORM FOR PROFESSIONAL ADMISSION
Reference Number: APP-2025-75120
Application Date: 26/04/2025

1. APPLICANT DETAILS:
Full Name: Aarav Sharma
Email: aarav.sharma@example.com
Contact Phone: +91 9978599737
Current Qualification: High School / Undergraduate Diploma

2. PROGRAM PREFERENCE:
Applied Department: School of Computer Science & Engineering
Session: 2025-2026 Academic Year

3. DECLARATION:
I hereby declare that all information provided in this application form is true and correct to the best of my knowledge.
Applicant Signature: Aarav Sharma
Date of Submission: 26/04/2025",application_form
"APPLICATION FORM FOR PROFESSIONAL ADMISSION
Reference Number: APP-2025-34959
Application Date: 02/01/2025

1. APPLICANT DETAILS:
Full Name: Fatima Al-Mansoor
Email: fatima.al-mansoor@example.com
Contact Phone: +91 9273524782
Current Qualification: High School / Undergraduate Diploma

2. PROGRAM PREFERENCE:
Applied Department: School of Computer Science & Engineering
Session: 2025-2026 Academic Year

3. DECLARATION:
I hereby declare that all information provided in this application form is true and correct to the best of my knowledge.
Applicant Signature: Fatima Al-Mansoor
Date of Submission: 02/01/2025",application_form
"APPLICATION FORM FOR PROFESSIONAL ADMISSION
Reference Number: APP-2025-23735
Application Date: 15/01/2025

1. APPLICANT DETAILS:
Full Name: Sophia Patel
Email: sophia.patel@example.com
Contact Phone: +91 9452679973
Current Qualification: High School / Undergraduate Diploma

2. PROGRAM PREFERENCE:
Applied Department: School of Computer Science & Engineering
Session: 2025-2026 Academic Year

3. DECLARATION:
I hereby declare that all information provided in this application form is true and correct to the best of my knowledge.
Applicant Signature: Sophia Patel
Date of Submission: 15/01/2025",application_form
"APPLICATION FORM FOR PROFESSIONAL ADMISSION
Reference Number: APP-2025-73000
Application Date: 12/04/2025

1. APPLICANT DETAILS:
Full Name: Johnathan Davis
Email: johnathan.davis@example.com
Contact Phone: +91 9781932631
Current Qualification: High School / Undergraduate Diploma

2. PROGRAM PREFERENCE:
Applied Department: School of Computer Science & Engineering
Session: 2025-2026 Academic Year

3. DECLARATION:
I hereby declare that all information provided in this application form is true and correct to the best of my knowledge.
Applicant Signature: Johnathan Davis
Date of Submission: 12/04/2025",application_form
"APPLICATION FORM FOR PROFESSIONAL ADMISSION
Reference Number: APP-2025-51675
Application Date: 07/05/2025

1. APPLICANT DETAILS:
Full Name: Aarav Sharma
Email: aarav.sharma@example.com
Contact Phone: +91 9580539286
Current Qualification: High School / Undergraduate Diploma

2. PROGRAM PREFERENCE:
Applied Department: School of Computer Science & Engineering
Session: 2025-2026 Academic Year

3. DECLARATION:
I hereby declare that all information provided in this application form is true and correct to the best of my knowledge.
Applicant Signature: Aarav Sharma
Date of Submission: 07/05/2025",application_form
"APPLICATION FORM FOR PROFESSIONAL ADMISSION
Reference Number: APP-2025-42641
Application Date: 18/06/2025

1. APPLICANT DETAILS:
Full Name: Johnathan Davis
Email: johnathan.davis@example.com
Contact Phone: +91 9712065052
Current Qualification: High School / Undergraduate Diploma

2. PROGRAM PREFERENCE:
Applied Department: School of Computer Science & Engineering
Session: 2025-2026 Academic Year

3. DECLARATION:
I hereby declare that all information provided in this application form is true and correct to the best of my knowledge.
Applicant Signature: Johnathan Davis
Date of Submission: 18/06/2025",application_form
"APPLICATION FORM FOR PROFESSIONAL ADMISSION
Reference Number: APP-2025-82815
Application Date: 28/02/2025

1. APPLICANT DETAILS:
Full Name: Elena Rostova
Email: elena.rostova@example.com
Contact Phone: +91 9694449331
Current Qualification: High School / Undergraduate Diploma

2. PROGRAM PREFERENCE:
Applied Department: School of Computer Science & Engineering
Session: 2025-2026 Academic Year

3. DECLARATION:
I hereby declare that all information provided in this application form is true and correct to the best of my knowledge.
Applicant Signature: Elena Rostova
Date of Submission: 28/02/2025",application_form
"APPLICATION FORM FOR PROFESSIONAL ADMISSION
Reference Number: APP-2025-78230
Application Date: 07/05/2025

1. APPLICANT DETAILS:
Full Name: Fatima Al-Mansoor
Email: fatima.al-mansoor@example.com
Contact Phone: +91 9896049834
Current Qualification: High School / Undergraduate Diploma

2. PROGRAM PREFERENCE:
Applied Department: School of Computer Science & Engineering
Session: 2025-2026 Academic Year

3. DECLARATION:
I hereby declare that all information provided in this application form is true and correct to the best of my knowledge.
Applicant Signature: Fatima Al-Mansoor
Date of Submission: 07/05/2025",application_form
"APPLICATION FORM FOR PROFESSIONAL ADMISSION
Reference Number: APP-2025-86729
Application Date: 07/02/2025

1. APPLICANT DETAILS:
Full Name: Fatima Al-Mansoor
Email: fatima.al-mansoor@example.com
Contact Phone: +91 9954548851
Current Qualification: High School / Undergraduate Diploma

2. PROGRAM PREFERENCE:
Applied Department: School of Computer Science & Engineering
Session: 2025-2026 Academic Year

3. DECLARATION:
I hereby declare that all information provided in this application form is true and correct to the best of my knowledge.
Applicant Signature: Fatima Al-Mansoor
Date of Submission: 07/02/2025",application_form
"APPLICATION FORM FOR PROFESSIONAL ADMISSION
Reference Number: APP-2025-20256
Application Date: 13/01/2025

1. APPLICANT DETAILS:
Full Name: Fatima Al-Mansoor
Email: fatima.al-mansoor@example.com
Contact Phone: +91 9990272458
Current Qualification: High School / Undergraduate Diploma

2. PROGRAM PREFERENCE:
Applied Department: School of Computer Science & Engineering
Session: 2025-2026 Academic Year

3. DECLARATION:
I hereby declare that all information provided in this application form is true and correct to the best of my knowledge.
Applicant Signature: Fatima Al-Mansoor
Date of Submission: 13/01/2025",application_form
"APPLICATION FORM FOR PROFESSIONAL ADMISSION
Reference Number: APP-2025-94411
Application Date: 28/03/2025

1. APPLICANT DETAILS:
Full Name: David Miller
Email: david.miller@example.com
Contact Phone: +91 9297729305
Current Qualification: High School / Undergraduate Diploma

2. PROGRAM PREFERENCE:
Applied Department: School of Computer Science & Engineering
Session: 2025-2026 Academic Year

3. DECLARATION:
I hereby declare that all information provided in this application form is true and correct to the best of my knowledge.
Applicant Signature: David Miller
Date of Submission: 28/03/2025",application_form
"APPLICATION FORM FOR PROFESSIONAL ADMISSION
Reference Number: APP-2025-33224
Application Date: 02/04/2025

1. APPLICANT DETAILS:
Full Name: Elena Rostova
Email: elena.rostova@example.com
Contact Phone: +91 9789064005
Current Qualification: High School / Undergraduate Diploma

2. PROGRAM PREFERENCE:
Applied Department: School of Computer Science & Engineering
Session: 2025-2026 Academic Year

3. DECLARATION:
I hereby declare that all information provided in this application form is true and correct to the best of my knowledge.
Applicant Signature: Elena Rostova
Date of Submission: 02/04/2025",application_form
"APPLICATION FORM FOR PROFESSIONAL ADMISSION
Reference Number: APP-2025-91105
Application Date: 05/06/2025

1. APPLICANT DETAILS:
Full Name: Michael Chang
Email: michael.chang@example.com
Contact Phone: +91 9055717600
Current Qualification: High School / Undergraduate Diploma

2. PROGRAM PREFERENCE:
Applied Department: School of Computer Science & Engineering
Session: 2025-2026 Academic Year

3. DECLARATION:
I hereby declare that all information provided in this application form is true and correct to the best of my knowledge.
Applicant Signature: Michael Chang
Date of Submission: 05/06/2025",application_form
"APPLICATION FORM FOR PROFESSIONAL ADMISSION
Reference Number: APP-2025-19242
Application Date: 03/03/2025

1. APPLICANT DETAILS:
Full Name: Johnathan Davis
Email: johnathan.davis@example.com
Contact Phone: +91 9003977645
Current Qualification: High School / Undergraduate Diploma

2. PROGRAM PREFERENCE:
Applied Department: School of Computer Science & Engineering
Session: 2025-2026 Academic Year

3. DECLARATION:
I hereby declare that all information provided in this application form is true and correct to the best of my knowledge.
Applicant Signature: Johnathan Davis
Date of Submission: 03/03/2025",application_form
"APPLICATION FORM FOR PROFESSIONAL ADMISSION
Reference Number: APP-2025-26278
Application Date: 04/06/2025

1. APPLICANT DETAILS:
Full Name: Michael Chang
Email: michael.chang@example.com
Contact Phone: +91 9171804879
Current Qualification: High School / Undergraduate Diploma

2. PROGRAM PREFERENCE:
Applied Department: School of Computer Science & Engineering
Session: 2025-2026 Academic Year

3. DECLARATION:
I hereby declare that all information provided in this application form is true and correct to the best of my knowledge.
Applicant Signature: Michael Chang
Date of Submission: 04/06/2025",application_form
"APPLICATION FORM FOR PROFESSIONAL ADMISSION
Reference Number: APP-2025-72481
Application Date: 14/04/2025

1. APPLICANT DETAILS:
Full Name: Aarav Sharma
Email: aarav.sharma@example.com
Contact Phone: +91 9534184768
Current Qualification: High School / Undergraduate Diploma

2. PROGRAM PREFERENCE:
Applied Department: School of Computer Science & Engineering
Session: 2025-2026 Academic Year

3. DECLARATION:
I hereby declare that all information provided in this application form is true and correct to the best of my knowledge.
Applicant Signature: Aarav Sharma
Date of Submission: 14/04/2025",application_form
"APPLICATION FORM FOR PROFESSIONAL ADMISSION
Reference Number: APP-2025-29844
Application Date: 20/04/2025

1. APPLICANT DETAILS:
Full Name: Fatima Al-Mansoor
Email: fatima.al-mansoor@example.com
Contact Phone: +91 9174303138
Current Qualification: High School / Undergraduate Diploma

2. PROGRAM PREFERENCE:
Applied Department: School of Computer Science & Engineering
Session: 2025-2026 Academic Year

3. DECLARATION:
I hereby declare that all information provided in this application form is true and correct to the best of my knowledge.
Applicant Signature: Fatima Al-Mansoor
Date of Submission: 20/04/2025",application_form
"APPLICATION FORM FOR PROFESSIONAL ADMISSION
Reference Number: APP-2025-30163
Application Date: 16/01/2025

1. APPLICANT DETAILS:
Full Name: Johnathan Davis
Email: johnathan.davis@example.com
Contact Phone: +91 9112259088
Current Qualification: High School / Undergraduate Diploma

2. PROGRAM PREFERENCE:
Applied Department: School of Computer Science & Engineering
Session: 2025-2026 Academic Year

3. DECLARATION:
I hereby declare that all information provided in this application form is true and correct to the best of my knowledge.
Applicant Signature: Johnathan Davis
Date of Submission: 16/01/2025",application_form
"APPLICATION FORM FOR PROFESSIONAL ADMISSION
Reference Number: APP-2025-34994
Application Date: 12/05/2025

1. APPLICANT DETAILS:
Full Name: Elena Rostova
Email: elena.rostova@example.com
Contact Phone: +91 9701435209
Current Qualification: High School / Undergraduate Diploma

2. PROGRAM PREFERENCE:
Applied Department: School of Computer Science & Engineering
Session: 2025-2026 Academic Year

3. DECLARATION:
I hereby declare that all information provided in this application form is true and correct to the best of my knowledge.
Applicant Signature: Elena Rostova
Date of Submission: 12/05/2025",application_form
"APPLICATION FORM FOR PROFESSIONAL ADMISSION
Reference Number: APP-2025-27241
Application Date: 08/05/2025

1. APPLICANT DETAILS:
Full Name: Johnathan Davis
Email: johnathan.davis@example.com
Contact Phone: +91 9775707553
Current Qualification: High School / Undergraduate Diploma

2. PROGRAM PREFERENCE:
Applied Department: School of Computer Science & Engineering
Session: 2025-2026 Academic Year

3. DECLARATION:
I hereby declare that all information provided in this application form is true and correct to the best of my knowledge.
Applicant Signature: Johnathan Davis
Date of Submission: 08/05/2025",application_form
"APPLICATION FORM FOR PROFESSIONAL ADMISSION
Reference Number: APP-2025-54452
Application Date: 20/04/2025

1. APPLICANT DETAILS:
Full Name: Sophia Patel
Email: sophia.patel@example.com
Contact Phone: +91 9432677578
Current Qualification: High School / Undergraduate Diploma

2. PROGRAM PREFERENCE:
Applied Department: School of Computer Science & Engineering
Session: 2025-2026 Academic Year

3. DECLARATION:
I hereby declare that all information provided in this application form is true and correct to the best of my knowledge.
Applicant Signature: Sophia Patel
Date of Submission: 20/04/2025",application_form
"APPLICATION FORM FOR PROFESSIONAL ADMISSION
Reference Number: APP-2025-84043
Application Date: 23/05/2025

1. APPLICANT DETAILS:
Full Name: Michael Chang
Email: michael.chang@example.com
Contact Phone: +91 9965085473
Current Qualification: High School / Undergraduate Diploma

2. PROGRAM PREFERENCE:
Applied Department: School of Computer Science & Engineering
Session: 2025-2026 Academic Year

3. DECLARATION:
I hereby declare that all information provided in this application form is true and correct to the best of my knowledge.
Applicant Signature: Michael Chang
Date of Submission: 23/05/2025",application_form
"APPLICATION FORM FOR PROFESSIONAL ADMISSION
Reference Number: APP-2025-39546
Application Date: 05/05/2025

1. APPLICANT DETAILS:
Full Name: Sophia Patel
Email: sophia.patel@example.com
Contact Phone: +91 9415089054
Current Qualification: High School / Undergraduate Diploma

2. PROGRAM PREFERENCE:
Applied Department: School of Computer Science & Engineering
Session: 2025-2026 Academic Year

3. DECLARATION:
I hereby declare that all information provided in this application form is true and correct to the best of my knowledge.
Applicant Signature: Sophia Patel
Date of Submission: 05/05/2025",application_form
"APPLICATION FORM FOR PROFESSIONAL ADMISSION
Reference Number: APP-2025-55082
Application Date: 20/06/2025

1. APPLICANT DETAILS:
Full Name: Fatima Al-Mansoor
Email: fatima.al-mansoor@example.com
Contact Phone: +91 9460432476
Current Qualification: High School / Undergraduate Diploma

2. PROGRAM PREFERENCE:
Applied Department: School of Computer Science & Engineering
Session: 2025-2026 Academic Year

3. DECLARATION:
I hereby declare that all information provided in this application form is true and correct to the best of my knowledge.
Applicant Signature: Fatima Al-Mansoor
Date of Submission: 20/06/2025",application_form
